Timestamp,age_group,gender,academic_level,university_type,prior_residence,living_arrangement,sleep_duration,employment_type,meal_skipping,commute_time,internet_quality,study_space_quality,current_gpa,study_routine,attendance,academic_overwhelm,family_income,scholarship,personal_income,academic_resource_access,study_material_satisfaction,dropout_intention_score,risk_class
2025-05-19 11:14:05.194,24+,Female,Masters,Public University,"Urban area (e.g., Dhaka, Chittagong, Sylhet)",Home or Hostels,7–8 hours,"Yes, Part-time/Full-time Job",1–2 times/week,30–60 minutes,4,Yes - Quiet (4),>3.5,Sporadically (no fixed schedule),>75%,Often,"20,000–50,000",No,">10,000 BDT",No access,3,4,High Risk
2025-05-19 11:31:33.814,24+,Female,Masters,Public University,"Rural area (e.g., village, upazila outside major cities)",University Residence (Halls),5–6 hours,"Yes, Tuition/Coaching",Daily,<30 minutes,3,Yes - Quiet (4),3.1–3.5,Only before exams,>75%,Often,"20,000–50,000","Yes, Government Scholarship",No personal income,"Yes, Rarely",2,5,High Risk
2025-05-19 11:35:41.492,24+,Female,Masters,Public University,"Urban area (e.g., Dhaka, Chittagong, Sylhet)",Home or Hostels,7–8 hours,No,Never,30–60 minutes,4,Yes - Moderate noise (3),>3.5,Sporadically (no fixed schedule),>75%,Sometimes,"20,000–50,000",No,"5,000–10,000 BDT","Yes, Rarely",3,1,Low Risk
2025-05-19 12:22:43.572,24+,Male,Undergraduate (Year 2–4),National University / Affiliated College,"Urban area (e.g., Dhaka, Chittagong, Sylhet)",Home or Hostels,7–8 hours,"Yes, Part-time/Full-time Job",1–2 times/week,>1 hour,3,Yes - Moderate noise (3),3.1–3.5,Only before exams,>75%,Often,"20,000–50,000",No,"<5,000 BDT","Yes, Rarely",3,1,Low Risk
2025-05-19 12:42:54.603,24+,Male,Masters,National University / Affiliated College,"Urban area (e.g., Dhaka, Chittagong, Sylhet)",Home or Hostels,5–6 hours,"Yes, Freelancing (e.g., online work)",Daily,30–60 minutes,4,Yes - Moderate noise (3),>3.5,Only before exams,>75%,Sometimes,"50,001–100,000","Yes, University Merit-Based","5,000–10,000 BDT","Yes, Daily",4,1,Low Risk
2025-05-19 12:52:23.480,24+,Female,Undergraduate (Year 2–4),National University / Affiliated College,"Suburban area (e.g., Gazipur, Savar, Tongi)",Home or Hostels,>8 hours,"Yes, Part-time/Full-time Job",3–4 times/week,<30 minutes,5,Yes - Very quiet (5),>3.5,Only before exams,>75%,Never,"20,000–50,000",No,">10,000 BDT","Yes, Daily",3,3,Moderate Risk
2025-05-19 13:51:39.646,21–23,Male,Undergraduate (Year 1),Private University,"Urban area (e.g., Dhaka, Chittagong, Sylhet)",Home or Hostels,7–8 hours,No,1–2 times/week,30–60 minutes,3,Yes - Quiet (4),2.5–3.0,Sporadically (no fixed schedule),>75%,Often,"20,000–50,000","Yes, University Merit-Based",No personal income,"Yes, Weekly",3,3,Moderate Risk
2025-05-19 14:19:53.219,24+,Male,Masters,Public University,"Urban area (e.g., Dhaka, Chittagong, Sylhet)",University Residence (Halls),7–8 hours,"Yes, Part-time/Full-time Job",1–2 times/week,<30 minutes,3,Yes - Noisy (2),>3.5,Sporadically (no fixed schedule),50–75%,Sometimes,"50,001–100,000",No,"5,000–10,000 BDT","Yes, Rarely",3,1,Low Risk
2025-05-19 14:54:54.283,24+,Male,Masters,Private University,"Rural area (e.g., village, upazila outside major cities)",Home or Hostels,5–6 hours,"Yes, Part-time/Full-time Job",1–2 times/week,>1 hour,5,Yes - Moderate noise (3),3.1–3.5,Only before exams,<50%,Sometimes,"20,000–50,000",No,">10,000 BDT","Yes, Rarely",3,2,Low Risk
2025-05-19 17:19:20.188,21–23,Female,Undergraduate (Year 1),Public University,"Rural area (e.g., village, upazila outside major cities)",University Residence (Halls),5–6 hours,"Yes, Tuition/Coaching",1–2 times/week,<30 minutes,4,Yes - Moderate noise (3),3.1–3.5,"Regularly throughout the course (e.g., weekly)",>75%,Often,"<20,000","Yes, Government Scholarship",">10,000 BDT","Yes, Daily",3,4,High Risk
2025-05-19 17:21:54.738,21–23,Male,Undergraduate (Year 1),Public University,"Urban area (e.g., Dhaka, Chittagong, Sylhet)",Home or Hostels,<5 hours,"Yes, Part-time/Full-time Job",1–2 times/week,>1 hour,4,Yes - Quiet (4),3.1–3.5,Only before exams,>75%,Often,"20,000–50,000",No,"5,000–10,000 BDT","Yes, Daily",4,1,Low Risk
2025-05-19 17:45:49.279,24+,Female,Undergraduate (Year 2–4),National University / Affiliated College,"Urban area (e.g., Dhaka, Chittagong, Sylhet)",Home or Hostels,5–6 hours,"Yes, Tuition/Coaching",Daily,>1 hour,3,Yes - Moderate noise (3),2.5–3.0,Only before exams,50–75%,Sometimes,"<20,000",No,"5,000–10,000 BDT",No access,3,3,Moderate Risk
2025-05-19 18:05:52.823,21–23,Male,Undergraduate (Year 1),Public University,"Urban area (e.g., Dhaka, Chittagong, Sylhet)",Home or Hostels,5–6 hours,"Yes, Part-time/Full-time Job",Never,>1 hour,1,Yes - Quiet (4),>3.5,Sporadically (no fixed schedule),>75%,Always,"<20,000","Yes, Government Scholarship","5,000–10,000 BDT","Yes, Daily",2,1,Low Risk
2025-05-19 18:07:38.874,21–23,Male,Undergraduate (Year 2–4),Private University,"Urban area (e.g., Dhaka, Chittagong, Sylhet)",Home or Hostels,<5 hours,"Yes, Part-time/Full-time Job",Daily,<30 minutes,3,Yes - Moderate noise (3),3.1–3.5,"Regularly throughout the course (e.g., weekly)",50–75%,Sometimes,"<20,000","Yes, University Merit-Based","<5,000 BDT",No access,1,1,Low Risk
2025-05-19 19:51:13.413,24+,Female,Undergraduate (Year 2–4),National University / Affiliated College,"Urban area (e.g., Dhaka, Chittagong, Sylhet)",Home or Hostels,7–8 hours,No,1–2 times/week,>1 hour,3,Yes - Very noisy (1),3.1–3.5,Sporadically (no fixed schedule),50–75%,Often,"50,001–100,000",No,"5,000–10,000 BDT","Yes, Daily",3,3,Moderate Risk
2025-05-19 22:59:57.551,24+,Male,Masters,Private University,"Rural area (e.g., village, upazila outside major cities)",Home or Hostels,7–8 hours,"Yes, Freelancing (e.g., online work)",Daily,30–60 minutes,3,Yes - Moderate noise (3),3.1–3.5,Only before exams,50–75%,Sometimes,"50,001–100,000","Yes, University Merit-Based",">10,000 BDT","Yes, Rarely",3,4,High Risk
2025-05-19 23:00:25.933,24+,Male,Masters,Public University,"Rural area (e.g., village, upazila outside major cities)",Home or Hostels,<5 hours,"Yes, Tuition/Coaching",Daily,<30 minutes,5,Yes - Quiet (4),>3.5,Only before exams,>75%,Often,"<20,000",No,"<5,000 BDT","Yes, Rarely",4,1,Low Risk
2025-05-20 00:08:29.465,21–23,Female,Undergraduate (Year 2–4),National University / Affiliated College,"Urban area (e.g., Dhaka, Chittagong, Sylhet)",Home or Hostels,>8 hours,No,3–4 times/week,>1 hour,3,Yes - Quiet (4),3.1–3.5,Sporadically (no fixed schedule),>75%,Sometimes,"20,000–50,000",No,No personal income,"Yes, Rarely",3,3,Moderate Risk
2025-05-20 07:39:25.250,24+,Male,Masters,Public University,"Rural area (e.g., village, upazila outside major cities)",University Residence (Halls),5–6 hours,No,Never,<30 minutes,4,Yes - Quiet (4),>3.5,Only before exams,>75%,Sometimes,"20,000–50,000","Yes, Government Scholarship",No personal income,No access,3,1,Low Risk
2025-05-20 08:50:59.311,24+,Male,Masters,National University / Affiliated College,"Urban area (e.g., Dhaka, Chittagong, Sylhet)",Home or Hostels,7–8 hours,No,Never,<30 minutes,3,Yes - Quiet (4),3.1–3.5,Sporadically (no fixed schedule),<50%,Sometimes,"20,000–50,000",No,"<5,000 BDT",No access,5,5,High Risk
2025-05-20 13:08:36.521,24+,Male,Undergraduate (Year 2–4),Public University,"Rural area (e.g., village, upazila outside major cities)",Home or Hostels,5–6 hours,"Yes, Part-time/Full-time Job",Never,>1 hour,5,Yes - Very quiet (5),3.1–3.5,Only before exams,50–75%,Often,"20,000–50,000",No,">10,000 BDT","Yes, Daily",1,5,High Risk
2025-05-20 13:13:25.008,21–23,Male,Undergraduate (Year 2–4),Public University,"Rural area (e.g., village, upazila outside major cities)",Home or Hostels,5–6 hours,"Yes, Tuition/Coaching",1–2 times/week,30–60 minutes,4,Yes - Quiet (4),3.1–3.5,Only before exams,>75%,Sometimes,"20,000–50,000",No,">10,000 BDT","Yes, Rarely",4,2,Low Risk
2025-05-20 13:14:38.633,24+,Male,Masters,Public University,"Urban area (e.g., Dhaka, Chittagong, Sylhet)",Home or Hostels,5–6 hours,"Yes, Part-time/Full-time Job",3–4 times/week,30–60 minutes,4,Yes - Moderate noise (3),>3.5,Only before exams,>75%,Always,">100,000",No,">10,000 BDT",No access,3,1,Low Risk
2025-05-20 13:15:18.208,24+,Male,Masters,Public University,"Urban area (e.g., Dhaka, Chittagong, Sylhet)",Home or Hostels,5–6 hours,"Yes, Part-time/Full-time Job",1–2 times/week,<30 minutes,5,Yes - Quiet (4),3.1–3.5,Only before exams,>75%,Rarely,"50,001–100,000",No,">10,000 BDT","Yes, Rarely",3,2,Low Risk
2025-05-20 13:17:40.389,21–23,Male,Undergraduate (Year 2–4),Public University,"Urban area (e.g., Dhaka, Chittagong, Sylhet)",Home or Hostels,5–6 hours,"Yes, Tuition/Coaching",1–2 times/week,30–60 minutes,3,Yes - Moderate noise (3),3.1–3.5,Sporadically (no fixed schedule),>75%,Sometimes,"20,000–50,000","Yes, Government Scholarship","<5,000 BDT","Yes, Rarely",4,1,Low Risk
2025-05-20 13:26:58.101,21–23,Female,Undergraduate (Year 2–4),Public University,"Urban area (e.g., Dhaka, Chittagong, Sylhet)",Home or Hostels,7–8 hours,No,1–2 times/week,30–60 minutes,4,Yes - Quiet (4),>3.5,Sporadically (no fixed schedule),>75%,Often,"20,000–50,000","Yes, Government Scholarship",No personal income,"Yes, Rarely",1,3,Moderate Risk
2025-05-20 13:31:00.203,24+,Male,Masters,Public University,"Urban area (e.g., Dhaka, Chittagong, Sylhet)",Home or Hostels,5–6 hours,No,Never,30–60 minutes,4,Yes - Quiet (4),3.1–3.5,Only before exams,50–75%,Often,"50,001–100,000",No,No personal income,"Yes, Rarely",2,2,Low Risk
2025-05-20 13:32:39.664,21–23,Male,Undergraduate (Year 2–4),Public University,"Urban area (e.g., Dhaka, Chittagong, Sylhet)",Home or Hostels,5–6 hours,No,3–4 times/week,30–60 minutes,3,Yes - Very noisy (1),3.1–3.5,Only before exams,>75%,Always,"20,000–50,000",No,No personal income,"Yes, Daily",3,3,Moderate Risk
2025-05-20 13:36:05.392,21–23,Male,Undergraduate (Year 1),National University / Affiliated College,"Urban area (e.g., Dhaka, Chittagong, Sylhet)",Home or Hostels,<5 hours,"Yes, Tuition/Coaching",1–2 times/week,<30 minutes,1,No dedicated study space,2.5–3.0,Only before exams,50–75%,Never,"20,000–50,000","Yes, Government Scholarship",No personal income,No access,1,1,Low Risk
2025-05-20 13:36:47.333,17–20,Male,Undergraduate (Year 1),Private University,"Rural area (e.g., village, upazila outside major cities)",Home or Hostels,5–6 hours,No,1–2 times/week,<30 minutes,4,Yes - Quiet (4),2.5–3.0,Only before exams,>75%,Often,"20,000–50,000","Yes, Government Scholarship","<5,000 BDT","Yes, Daily",3,1,Low Risk
2025-05-20 13:39:28.438,21–23,Male,Undergraduate (Year 2–4),Public University,"Urban area (e.g., Dhaka, Chittagong, Sylhet)",University Residence (Halls),7–8 hours,No,Never,<30 minutes,3,Yes - Quiet (4),>3.5,"Regularly throughout the course (e.g., weekly)",>75%,Often,"<20,000","Yes, Government Scholarship",No personal income,"Yes, Daily",3,3,Moderate Risk
2025-05-20 13:44:48.209,21–23,Female,Undergraduate (Year 2–4),Public University,"Urban area (e.g., Dhaka, Chittagong, Sylhet)",Home or Hostels,7–8 hours,"Yes, Tuition/Coaching",Daily,30–60 minutes,3,Yes - Quiet (4),3.1–3.5,Sporadically (no fixed schedule),50–75%,Sometimes,"50,001–100,000",No,">10,000 BDT","Yes, Weekly",3,4,High Risk
2025-05-20 13:46:07.988,24+,Male,Masters,Public University,"Urban area (e.g., Dhaka, Chittagong, Sylhet)",Home or Hostels,<5 hours,No,1–2 times/week,<30 minutes,4,Yes - Moderate noise (3),>3.5,Only before exams,>75%,Sometimes,"20,000–50,000",No,No personal income,"Yes, Rarely",2,3,Moderate Risk
2025-05-20 13:49:15.497,21–23,Male,Undergraduate (Year 2–4),Public University,"Urban area (e.g., Dhaka, Chittagong, Sylhet)",University Residence (Halls),5–6 hours,"Yes, Tuition/Coaching",3–4 times/week,<30 minutes,3,No dedicated study space,3.1–3.5,Only before exams,>75%,Always,"<20,000","Yes, Private/Donor-Funded","<5,000 BDT",No access,2,3,Moderate Risk
2025-05-20 13:51:22.564,21–23,Male,Undergraduate (Year 2–4),Public University,"Rural area (e.g., village, upazila outside major cities)",University Residence (Halls),5–6 hours,No,1–2 times/week,<30 minutes,3,Yes - Moderate noise (3),3.1–3.5,"Regularly throughout the course (e.g., weekly)",50–75%,Sometimes,"20,000–50,000","Yes, University Merit-Based","<5,000 BDT","Yes, Weekly",3,3,Moderate Risk
2025-05-20 13:57:37.665,21–23,Female,Undergraduate (Year 2–4),Public University,"Rural area (e.g., village, upazila outside major cities)",University Residence (Halls),7–8 hours,No,1–2 times/week,<30 minutes,3,Yes - Moderate noise (3),3.1–3.5,Only before exams,50–75%,Sometimes,"50,001–100,000",No,No personal income,"Yes, Daily",4,1,Low Risk
2025-05-20 14:00:50.389,21–23,Male,Undergraduate (Year 2–4),Public University,"Rural area (e.g., village, upazila outside major cities)",University Residence (Halls),7–8 hours,"Yes, Tuition/Coaching",3–4 times/week,30–60 minutes,3,Yes - Moderate noise (3),3.1–3.5,Only before exams,>75%,Often,"<20,000",No,">10,000 BDT","Yes, Daily",5,1,Low Risk
2025-05-20 14:03:03.935,21–23,Female,Undergraduate (Year 2–4),Public University,"Rural area (e.g., village, upazila outside major cities)",University Residence (Halls),>8 hours,"Yes, Tuition/Coaching",Daily,<30 minutes,1,No dedicated study space,>3.5,"Regularly throughout the course (e.g., weekly)",>75%,Always,"20,000–50,000",No,No personal income,No access,1,1,Low Risk
2025-05-20 14:03:41.041,24+,Female,Masters,Public University,"Urban area (e.g., Dhaka, Chittagong, Sylhet)",University Residence (Halls),5–6 hours,"Yes, Freelancing (e.g., online work)",3–4 times/week,<30 minutes,3,Yes - Moderate noise (3),3.1–3.5,Only before exams,>75%,Often,"20,000–50,000",No,">10,000 BDT","Yes, Weekly",3,1,Low Risk
2025-05-20 14:08:41.594,21–23,Male,Undergraduate (Year 2–4),Public University,"Urban area (e.g., Dhaka, Chittagong, Sylhet)",University Residence (Halls),5–6 hours,"Yes, Tuition/Coaching",1–2 times/week,<30 minutes,3,Yes - Noisy (2),>3.5,Sporadically (no fixed schedule),>75%,Often,"50,001–100,000",No,"5,000–10,000 BDT","Yes, Rarely",3,2,Low Risk
2025-05-20 14:10:48.409,21–23,Male,Undergraduate (Year 2–4),Public University,"Urban area (e.g., Dhaka, Chittagong, Sylhet)",Home or Hostels,7–8 hours,"Yes, Tuition/Coaching",Never,<30 minutes,3,Yes - Moderate noise (3),>3.5,Only before exams,>75%,Never,"50,001–100,000",No,"5,000–10,000 BDT","Yes, Weekly",3,1,Low Risk
2025-05-20 14:13:31.834,24+,Male,Undergraduate (Year 2–4),Public University,"Urban area (e.g., Dhaka, Chittagong, Sylhet)",Home or Hostels,5–6 hours,No,Never,<30 minutes,5,Yes - Quiet (4),2.5–3.0,Only before exams,>75%,Always,"20,000–50,000",No,No personal income,"Yes, Rarely",3,4,High Risk
2025-05-20 14:14:16.239,21–23,Male,Undergraduate (Year 2–4),National University / Affiliated College,"Suburban area (e.g., Gazipur, Savar, Tongi)",Home or Hostels,>8 hours,"Yes, Tuition/Coaching",Daily,30–60 minutes,3,No dedicated study space,<2.5,Sporadically (no fixed schedule),<50%,Often,"20,000–50,000",No,"<5,000 BDT",No access,1,2,Low Risk
2025-05-20 14:16:51.666,17–20,Male,Undergraduate (Year 2–4),Public University,"Urban area (e.g., Dhaka, Chittagong, Sylhet)",Home or Hostels,5–6 hours,"Yes, Tuition/Coaching",1–2 times/week,30–60 minutes,3,Yes - Very noisy (1),3.1–3.5,Sporadically (no fixed schedule),>75%,Often,"50,001–100,000","Yes, Government Scholarship",">10,000 BDT","Yes, Daily",1,1,Low Risk
2025-05-20 14:17:23.309,21–23,Male,Undergraduate (Year 2–4),Public University,"Urban area (e.g., Dhaka, Chittagong, Sylhet)",Home or Hostels,7–8 hours,"Yes, Tuition/Coaching",1–2 times/week,30–60 minutes,3,Yes - Quiet (4),3.1–3.5,Only before exams,>75%,Sometimes,"50,001–100,000",No,"5,000–10,000 BDT","Yes, Weekly",3,1,Low Risk
2025-05-20 14:23:55.388,24+,Male,Masters,Public University,"Suburban area (e.g., Gazipur, Savar, Tongi)",Home or Hostels,5–6 hours,"Yes, Freelancing (e.g., online work)",Never,>1 hour,3,Yes - Noisy (2),3.1–3.5,Only before exams,>75%,Often,"20,000–50,000",No,"5,000–10,000 BDT",No access,2,2,Low Risk
2025-05-20 14:27:34.353,21–23,Male,Undergraduate (Year 2–4),Public University,"Urban area (e.g., Dhaka, Chittagong, Sylhet)",University Residence (Halls),5–6 hours,No,1–2 times/week,<30 minutes,3,Yes - Moderate noise (3),3.1–3.5,Only before exams,>75%,Sometimes,"<20,000","Yes, Government Scholarship",No personal income,"Yes, Daily",2,3,Moderate Risk
2025-05-20 14:28:07.156,21–23,Female,Undergraduate (Year 2–4),Public University,"Urban area (e.g., Dhaka, Chittagong, Sylhet)",Home or Hostels,<5 hours,No,Never,30–60 minutes,4,Yes - Quiet (4),3.1–3.5,Only before exams,>75%,Often,"50,001–100,000","Yes, Government Scholarship",No personal income,No access,3,3,Moderate Risk
2025-05-20 14:28:55.011,21–23,Female,Undergraduate (Year 2–4),Public University,"Urban area (e.g., Dhaka, Chittagong, Sylhet)",Home or Hostels,5–6 hours,No,3–4 times/week,30–60 minutes,4,No dedicated study space,3.1–3.5,Only before exams,>75%,Always,"20,000–50,000","Yes, Government Scholarship",No personal income,"Yes, Daily",2,1,Low Risk
2025-05-20 14:31:13.838,24+,Female,Masters,Public University,"Urban area (e.g., Dhaka, Chittagong, Sylhet)",Home or Hostels,7–8 hours,"Yes, Tuition/Coaching",1–2 times/week,>1 hour,5,Yes - Quiet (4),>3.5,Sporadically (no fixed schedule),>75%,Sometimes,"50,001–100,000","Yes, University Merit-Based",">10,000 BDT","Yes, Daily",3,4,High Risk
2025-05-20 14:31:45.453,24+,Female,Masters,Public University,"Urban area (e.g., Dhaka, Chittagong, Sylhet)",Home or Hostels,5–6 hours,"Yes, Tuition/Coaching",1–2 times/week,>1 hour,3,Yes - Moderate noise (3),2.5–3.0,Sporadically (no fixed schedule),<50%,Sometimes,"50,001–100,000",No,">10,000 BDT","Yes, Rarely",3,1,Low Risk
2025-05-20 14:34:42.865,21–23,Male,Undergraduate (Year 2–4),Public University,"Urban area (e.g., Dhaka, Chittagong, Sylhet)",University Residence (Halls),5–6 hours,"Yes, Freelancing (e.g., online work)",Daily,<30 minutes,1,Yes - Moderate noise (3),3.1–3.5,Only before exams,>75%,Always,"<20,000",No,">10,000 BDT","Yes, Rarely",1,1,Low Risk
2025-05-20 14:43:58.463,21–23,Female,Undergraduate (Year 2–4),Public University,"Suburban area (e.g., Gazipur, Savar, Tongi)",Home or Hostels,7–8 hours,No,1–2 times/week,<30 minutes,4,Yes - Very noisy (1),3.1–3.5,Only before exams,>75%,Often,"20,000–50,000","Yes, Private/Donor-Funded",No personal income,"Yes, Daily",3,3,Moderate Risk
2025-05-20 14:51:08.456,21–23,Male,Undergraduate (Year 2–4),Public University,"Urban area (e.g., Dhaka, Chittagong, Sylhet)",Home or Hostels,5–6 hours,No,Never,>1 hour,1,Yes - Quiet (4),>3.5,"Regularly throughout the course (e.g., weekly)",>75%,Sometimes,"50,001–100,000","Yes, Government Scholarship",No personal income,"Yes, Weekly",4,1,Low Risk
2025-05-20 14:55:50.710,24+,Female,Masters,Public University,"Urban area (e.g., Dhaka, Chittagong, Sylhet)",University Residence (Halls),5–6 hours,"Yes, Freelancing (e.g., online work)",1–2 times/week,<30 minutes,3,Yes - Noisy (2),3.1–3.5,Sporadically (no fixed schedule),>75%,Sometimes,"<20,000",No,"5,000–10,000 BDT","Yes, Weekly",3,1,Low Risk
2025-05-20 14:57:42.976,21–23,Male,Undergraduate (Year 2–4),Public University,"Urban area (e.g., Dhaka, Chittagong, Sylhet)",Home or Hostels,7–8 hours,"Yes, Tuition/Coaching",1–2 times/week,30–60 minutes,5,Yes - Quiet (4),>3.5,Sporadically (no fixed schedule),>75%,Sometimes,"20,000–50,000",No,"5,000–10,000 BDT","Yes, Daily",4,1,Low Risk
2025-05-20 15:08:17.211,24+,Female,Masters,Public University,"Urban area (e.g., Dhaka, Chittagong, Sylhet)",Home or Hostels,5–6 hours,"Yes, Tuition/Coaching",Daily,>1 hour,3,Yes - Very noisy (1),3.1–3.5,Only before exams,>75%,Often,"20,000–50,000",No,"5,000–10,000 BDT","Yes, Rarely",3,1,Low Risk
2025-05-20 15:10:08.732,21–23,Female,Masters,Public University,"Urban area (e.g., Dhaka, Chittagong, Sylhet)",Home or Hostels,<5 hours,"Yes, Part-time/Full-time Job",Daily,<30 minutes,5,Yes - Very quiet (5),>3.5,Only before exams,>75%,Never,">100,000",No,">10,000 BDT","Yes, Daily",3,1,Low Risk
2025-05-20 15:11:47.297,24+,Male,Masters,Public University,"Urban area (e.g., Dhaka, Chittagong, Sylhet)",University Residence (Halls),7–8 hours,"Yes, Freelancing (e.g., online work)",Never,<30 minutes,2,No dedicated study space,3.1–3.5,Only before exams,>75%,Always,"20,000–50,000",No,"5,000–10,000 BDT","Yes, Daily",2,1,Low Risk
2025-05-20 15:30:28.236,21–23,Male,Undergraduate (Year 2–4),Public University,"Urban area (e.g., Dhaka, Chittagong, Sylhet)",University Residence (Halls),5–6 hours,"Yes, Tuition/Coaching",Daily,<30 minutes,3,Yes - Quiet (4),3.1–3.5,Only before exams,50–75%,Always,"20,000–50,000","Yes, Government Scholarship","5,000–10,000 BDT","Yes, Rarely",3,3,Moderate Risk
2025-05-20 15:43:16.655,21–23,Male,Undergraduate (Year 2–4),Public University,"Rural area (e.g., village, upazila outside major cities)",University Residence (Halls),5–6 hours,No,1–2 times/week,<30 minutes,3,Yes - Moderate noise (3),2.5–3.0,Only before exams,<50%,Often,"20,000–50,000",No,No personal income,"Yes, Daily",2,1,Low Risk
2025-05-20 15:45:52.498,21–23,Female,Undergraduate (Year 2–4),Public University,"Rural area (e.g., village, upazila outside major cities)",University Residence (Halls),5–6 hours,"Yes, Tuition/Coaching",3–4 times/week,<30 minutes,3,Yes - Noisy (2),>3.5,"Regularly throughout the course (e.g., weekly)",>75%,Often,"<20,000",No,"<5,000 BDT","Yes, Weekly",3,3,Moderate Risk
2025-05-20 16:45:52.949,24+,Female,Masters,Public University,"Urban area (e.g., Dhaka, Chittagong, Sylhet)",Home or Hostels,<5 hours,"Yes, Tuition/Coaching",Daily,30–60 minutes,3,No dedicated study space,3.1–3.5,Sporadically (no fixed schedule),50–75%,Always,"20,000–50,000",No,"5,000–10,000 BDT",No access,3,4,High Risk
2025-05-20 16:55:38.326,21–23,Male,Undergraduate (Year 2–4),Public University,"Rural area (e.g., village, upazila outside major cities)",University Residence (Halls),5–6 hours,"Yes, Tuition/Coaching",1–2 times/week,<30 minutes,3,Yes - Very noisy (1),2.5–3.0,Only before exams,>75%,Always,"<20,000",No,"<5,000 BDT",No access,3,3,Moderate Risk
2025-05-20 17:11:01.855,21–23,Female,Undergraduate (Year 1),Public University,"Rural area (e.g., village, upazila outside major cities)",University Residence (Halls),7–8 hours,"Yes, Tuition/Coaching",Never,>1 hour,2,Yes - Quiet (4),2.5–3.0,Only before exams,>75%,Sometimes,"50,001–100,000",No,"<5,000 BDT",No access,3,3,Moderate Risk
2025-05-20 17:15:52.867,21–23,Female,Masters,Public University,"Urban area (e.g., Dhaka, Chittagong, Sylhet)",University Residence (Halls),<5 hours,No,3–4 times/week,<30 minutes,1,Yes - Very noisy (1),>3.5,Sporadically (no fixed schedule),>75%,Sometimes,"20,000–50,000",No,No personal income,"Yes, Weekly",3,3,Moderate Risk
2025-05-20 17:16:59.639,21–23,Female,Undergraduate (Year 2–4),Public University,"Urban area (e.g., Dhaka, Chittagong, Sylhet)",Home or Hostels,7–8 hours,"Yes, Tuition/Coaching",Never,>1 hour,2,Yes - Moderate noise (3),3.1–3.5,Only before exams,>75%,Sometimes,"50,001–100,000",No,"5,000–10,000 BDT","Yes, Daily",3,2,Low Risk
2025-05-20 17:19:46.532,21–23,Male,Undergraduate (Year 1),Public University,"Suburban area (e.g., Gazipur, Savar, Tongi)",University Residence (Halls),5–6 hours,"Yes, Tuition/Coaching",Daily,>1 hour,1,Yes - Moderate noise (3),2.5–3.0,Only before exams,>75%,Always,"20,000–50,000",No,"5,000–10,000 BDT","Yes, Daily",1,3,Moderate Risk
2025-05-20 17:28:15.166,21–23,Male,Masters,Public University,"Urban area (e.g., Dhaka, Chittagong, Sylhet)",Home or Hostels,5–6 hours,"Yes, Tuition/Coaching",1–2 times/week,>1 hour,5,Yes - Moderate noise (3),>3.5,Sporadically (no fixed schedule),>75%,Often,"20,000–50,000","Yes, Government Scholarship",">10,000 BDT",No access,3,3,Moderate Risk
2025-05-20 17:31:22.201,21–23,Female,Undergraduate (Year 1),Public University,"Urban area (e.g., Dhaka, Chittagong, Sylhet)",Home or Hostels,5–6 hours,"Yes, Tuition/Coaching",Daily,>1 hour,3,Yes - Moderate noise (3),3.1–3.5,Sporadically (no fixed schedule),>75%,Often,"20,000–50,000",No,"5,000–10,000 BDT","Yes, Rarely",2,2,Low Risk
2025-05-20 17:33:11.093,17–20,Female,Undergraduate (Year 1),Public University,"Urban area (e.g., Dhaka, Chittagong, Sylhet)",Home or Hostels,7–8 hours,No,1–2 times/week,<30 minutes,3,Yes - Quiet (4),>3.5,"Regularly throughout the course (e.g., weekly)",>75%,Sometimes,"<20,000","Yes, Government Scholarship",No personal income,No access,3,1,Low Risk
2025-05-20 17:49:08.295,17–20,Female,Undergraduate (Year 1),Public University,"Urban area (e.g., Dhaka, Chittagong, Sylhet)",University Residence (Halls),7–8 hours,"Yes, Tuition/Coaching",3–4 times/week,>1 hour,3,Yes - Noisy (2),>3.5,Sporadically (no fixed schedule),50–75%,Often,"<20,000",No,"5,000–10,000 BDT","Yes, Rarely",3,1,Low Risk
2025-05-20 17:57:12.368,24+,Male,Masters,Public University,"Urban area (e.g., Dhaka, Chittagong, Sylhet)",Home or Hostels,5–6 hours,"Yes, Part-time/Full-time Job",1–2 times/week,<30 minutes,3,Yes - Quiet (4),>3.5,Only before exams,>75%,Sometimes,"50,001–100,000",No,"5,000–10,000 BDT","Yes, Daily",3,1,Low Risk
2025-05-20 18:10:18.866,24+,Female,Masters,Public University,"Urban area (e.g., Dhaka, Chittagong, Sylhet)",Home or Hostels,<5 hours,No,Daily,>1 hour,3,Yes - Quiet (4),3.1–3.5,Sporadically (no fixed schedule),>75%,Rarely,">100,000",No,No personal income,"Yes, Rarely",3,1,Low Risk
2025-05-20 18:48:36.778,24+,Male,Masters,Public University,"Rural area (e.g., village, upazila outside major cities)",University Residence (Halls),5–6 hours,"Yes, Part-time/Full-time Job",1–2 times/week,<30 minutes,4,Yes - Quiet (4),3.1–3.5,Only before exams,>75%,Rarely,"<20,000","Yes, Private/Donor-Funded","5,000–10,000 BDT","Yes, Daily",3,1,Low Risk
2025-05-20 19:00:12.367,24+,Female,Masters,Public University,"Urban area (e.g., Dhaka, Chittagong, Sylhet)",Home or Hostels,5–6 hours,"Yes, Part-time/Full-time Job",Never,30–60 minutes,5,Yes - Moderate noise (3),>3.5,Sporadically (no fixed schedule),>75%,Rarely,">100,000",No,">10,000 BDT",No access,2,3,Moderate Risk
2025-05-20 19:14:08.909,21–23,Male,Undergraduate (Year 1),Public University,"Suburban area (e.g., Gazipur, Savar, Tongi)",University Residence (Halls),5–6 hours,No,Never,<30 minutes,2,Yes - Very quiet (5),3.1–3.5,"Regularly throughout the course (e.g., weekly)",>75%,Rarely,"20,000–50,000","Yes, Government Scholarship",No personal income,No access,3,5,High Risk
2025-05-20 19:21:51.211,21–23,Female,Undergraduate (Year 2–4),Private University,"Urban area (e.g., Dhaka, Chittagong, Sylhet)",University Residence (Halls),7–8 hours,No,Daily,30–60 minutes,3,Yes - Quiet (4),>3.5,Only before exams,50–75%,Often,"50,001–100,000",No,No personal income,"Yes, Rarely",3,3,Moderate Risk
2025-05-20 19:25:49.849,21–23,Male,Undergraduate (Year 1),Public University,"Urban area (e.g., Dhaka, Chittagong, Sylhet)",Home or Hostels,5–6 hours,"Yes, Tuition/Coaching",Daily,30–60 minutes,3,Yes - Very quiet (5),3.1–3.5,Sporadically (no fixed schedule),50–75%,Always,"50,001–100,000","Yes, University Merit-Based",">10,000 BDT","Yes, Daily",3,3,Moderate Risk
2025-05-20 19:30:49.935,21–23,Male,Undergraduate (Year 2–4),Public University,"Rural area (e.g., village, upazila outside major cities)",University Residence (Halls),5–6 hours,No,Never,<30 minutes,3,Yes - Very quiet (5),3.1–3.5,"Regularly throughout the course (e.g., weekly)",>75%,Sometimes,"<20,000","Yes, University Merit-Based",No personal income,"Yes, Daily",4,3,Moderate Risk
2025-05-20 19:34:10.931,24+,Female,Masters,Public University,"Urban area (e.g., Dhaka, Chittagong, Sylhet)",University Residence (Halls),5–6 hours,"Yes, Part-time/Full-time Job",Daily,<30 minutes,3,Yes - Moderate noise (3),2.5–3.0,Only before exams,50–75%,Always,"20,000–50,000",No,">10,000 BDT","Yes, Daily",2,4,High Risk
2025-05-20 19:57:02.437,21–23,Female,Undergraduate (Year 2–4),Private University,"Urban area (e.g., Dhaka, Chittagong, Sylhet)",Home or Hostels,5–6 hours,No,1–2 times/week,>1 hour,4,Yes - Quiet (4),>3.5,Sporadically (no fixed schedule),>75%,Always,">100,000","Yes, University Merit-Based",No personal income,"Yes, Daily",3,1,Low Risk
2025-05-20 19:57:48.563,21–23,Female,Undergraduate (Year 2–4),Public University,"Urban area (e.g., Dhaka, Chittagong, Sylhet)",Home or Hostels,7–8 hours,No,Daily,30–60 minutes,3,Yes - Quiet (4),>3.5,Sporadically (no fixed schedule),>75%,Sometimes,"50,001–100,000",No,No personal income,No access,2,1,Low Risk
2025-05-20 19:58:58.571,21–23,Male,Undergraduate (Year 1),Public University,"Urban area (e.g., Dhaka, Chittagong, Sylhet)",University Residence (Halls),7–8 hours,No,1–2 times/week,<30 minutes,3,Yes - Quiet (4),2.5–3.0,Only before exams,50–75%,Often,"20,000–50,000","Yes, University Merit-Based",No personal income,"Yes, Rarely",4,1,Low Risk
2025-05-20 20:00:20.699,21–23,Female,Undergraduate (Year 2–4),Public University,"Suburban area (e.g., Gazipur, Savar, Tongi)",Home or Hostels,5–6 hours,No,3–4 times/week,<30 minutes,3,Yes - Quiet (4),3.1–3.5,Sporadically (no fixed schedule),>75%,Sometimes,"50,001–100,000",No,No personal income,"Yes, Rarely",2,3,Moderate Risk
2025-05-20 20:08:58.536,24+,Male,Masters,Public University,"Urban area (e.g., Dhaka, Chittagong, Sylhet)",Home or Hostels,5–6 hours,No,Never,<30 minutes,3,No dedicated study space,3.1–3.5,"Regularly throughout the course (e.g., weekly)",50–75%,Often,">100,000","Yes, Government Scholarship","5,000–10,000 BDT","Yes, Weekly",3,1,Low Risk
2025-05-20 20:31:23.576,24+,Female,Masters,Public University,"Suburban area (e.g., Gazipur, Savar, Tongi)",Home or Hostels,<5 hours,"Yes, Tuition/Coaching",Daily,>1 hour,3,Yes - Moderate noise (3),>3.5,Sporadically (no fixed schedule),>75%,Often,"20,000–50,000","Yes, Government Scholarship","<5,000 BDT","Yes, Rarely",2,3,Moderate Risk
2025-05-20 20:33:24.653,24+,Male,Masters,Public University,"Rural area (e.g., village, upazila outside major cities)",University Residence (Halls),7–8 hours,"Yes, Tuition/Coaching",1–2 times/week,<30 minutes,5,Yes - Quiet (4),2.5–3.0,Only before exams,50–75%,Sometimes,"50,001–100,000",No,">10,000 BDT",No access,3,4,High Risk
2025-05-20 20:40:19.276,21–23,Male,Undergraduate (Year 1),Public University,"Urban area (e.g., Dhaka, Chittagong, Sylhet)",University Residence (Halls),7–8 hours,"Yes, Tuition/Coaching",1–2 times/week,30–60 minutes,3,Yes - Moderate noise (3),2.5–3.0,Only before exams,50–75%,Sometimes,"20,000–50,000","Yes, Government Scholarship","5,000–10,000 BDT","Yes, Daily",3,2,Low Risk
2025-05-20 20:47:54.919,21–23,Male,Undergraduate (Year 1),Public University,"Urban area (e.g., Dhaka, Chittagong, Sylhet)",Home or Hostels,5–6 hours,"Yes, Tuition/Coaching",Never,>1 hour,4,Yes - Quiet (4),3.1–3.5,Only before exams,>75%,Rarely,"<20,000","Yes, Government Scholarship","<5,000 BDT","Yes, Rarely",3,1,Low Risk
2025-05-20 20:52:17.955,21–23,Female,Undergraduate (Year 2–4),Private University,"Rural area (e.g., village, upazila outside major cities)",Home or Hostels,7–8 hours,No,1–2 times/week,>1 hour,4,Yes - Quiet (4),>3.5,Sporadically (no fixed schedule),>75%,Sometimes,"20,000–50,000",No,No personal income,"Yes, Rarely",3,4,High Risk
2025-05-20 21:04:54.245,21–23,Female,Undergraduate (Year 1),Public University,"Suburban area (e.g., Gazipur, Savar, Tongi)",University Residence (Halls),<5 hours,No,3–4 times/week,>1 hour,3,Yes - Moderate noise (3),2.5–3.0,Sporadically (no fixed schedule),>75%,Often,"20,000–50,000","Yes, University Merit-Based",No personal income,No access,3,1,Low Risk
2025-05-20 22:03:18.103,21–23,Male,Undergraduate (Year 1),Public University,"Suburban area (e.g., Gazipur, Savar, Tongi)",Home or Hostels,7–8 hours,No,Never,>1 hour,3,Yes - Very quiet (5),2.5–3.0,Sporadically (no fixed schedule),>75%,Always,"50,001–100,000","Yes, University Merit-Based",No personal income,"Yes, Daily",3,4,High Risk
2025-05-20 22:07:49.362,21–23,Female,Undergraduate (Year 1),National University / Affiliated College,"Urban area (e.g., Dhaka, Chittagong, Sylhet)",Home or Hostels,7–8 hours,"Yes, Part-time/Full-time Job",3–4 times/week,<30 minutes,2,No dedicated study space,2.5–3.0,Only before exams,<50%,Never,"<20,000",No,"5,000–10,000 BDT",No access,1,2,Low Risk
2025-05-20 22:13:00.494,24+,Female,Masters,Public University,"Suburban area (e.g., Gazipur, Savar, Tongi)",University Residence (Halls),7–8 hours,No,1–2 times/week,<30 minutes,3,Yes - Moderate noise (3),3.1–3.5,Only before exams,>75%,Sometimes,"20,000–50,000",No,No personal income,No access,1,2,Low Risk
2025-05-20 22:28:44.206,24+,Female,Undergraduate (Year 2–4),Public University,"Rural area (e.g., village, upazila outside major cities)",University Residence (Halls),5–6 hours,No,1–2 times/week,<30 minutes,3,Yes - Moderate noise (3),>3.5,Only before exams,50–75%,Sometimes,"20,000–50,000","Yes, Government Scholarship",No personal income,"Yes, Rarely",2,2,Low Risk
2025-05-20 22:39:04.634,17–20,Female,Undergraduate (Year 1),Public University,"Rural area (e.g., village, upazila outside major cities)",University Residence (Halls),5–6 hours,No,1–2 times/week,<30 minutes,3,Yes - Very noisy (1),>3.5,Only before exams,>75%,Sometimes,"20,000–50,000","Yes, University Merit-Based",No personal income,No access,3,3,Moderate Risk
2025-05-20 23:00:46.190,24+,Male,Masters,Public University,"Urban area (e.g., Dhaka, Chittagong, Sylhet)",Home or Hostels,7–8 hours,"Yes, Part-time/Full-time Job",Never,30–60 minutes,3,Yes - Quiet (4),3.1–3.5,Only before exams,>75%,Often,"20,000–50,000",No,">10,000 BDT","Yes, Rarely",3,1,Low Risk
2025-05-20 23:11:16.074,21–23,Male,Undergraduate (Year 2–4),Public University,"Urban area (e.g., Dhaka, Chittagong, Sylhet)",Home or Hostels,7–8 hours,"Yes, Tuition/Coaching",Daily,<30 minutes,5,No dedicated study space,2.5–3.0,Sporadically (no fixed schedule),>75%,Often,"<20,000",No,">10,000 BDT","Yes, Daily",3,1,Low Risk
2025-05-21 00:07:05.187,24+,Male,Masters,Public University,"Suburban area (e.g., Gazipur, Savar, Tongi)",University Residence (Halls),<5 hours,"Yes, Freelancing (e.g., online work)",Daily,<30 minutes,2,Yes - Noisy (2),3.1–3.5,Only before exams,<50%,Often,"50,001–100,000",No,">10,000 BDT",No access,1,1,Low Risk
2025-05-21 01:34:00.373,21–23,Female,Undergraduate (Year 2–4),Public University,"Urban area (e.g., Dhaka, Chittagong, Sylhet)",Home or Hostels,5–6 hours,No,1–2 times/week,30–60 minutes,4,Yes - Quiet (4),3.1–3.5,Only before exams,>75%,Often,"50,001–100,000",No,No personal income,"Yes, Daily",4,3,Moderate Risk
2025-05-21 03:46:07.886,24+,Male,Undergraduate (Year 2–4),National University / Affiliated College,"Rural area (e.g., village, upazila outside major cities)",Home or Hostels,7–8 hours,No,1–2 times/week,<30 minutes,4,Yes - Moderate noise (3),3.1–3.5,Sporadically (no fixed schedule),50–75%,Sometimes,"20,000–50,000",No,No personal income,"Yes, Daily",3,3,Moderate Risk
2025-05-21 11:03:28.093,21–23,Male,Undergraduate (Year 2–4),Public University,"Urban area (e.g., Dhaka, Chittagong, Sylhet)",University Residence (Halls),>8 hours,No,3–4 times/week,<30 minutes,4,Yes - Very quiet (5),<2.5,Only before exams,<50%,Always,"<20,000",No,No personal income,"Yes, Rarely",1,5,High Risk
2025-05-21 12:36:17.238,24+,Female,Masters,Public University,"Rural area (e.g., village, upazila outside major cities)",Home or Hostels,7–8 hours,No,1–2 times/week,30–60 minutes,2,Yes - Noisy (2),>3.5,Sporadically (no fixed schedule),>75%,Rarely,"20,000–50,000","Yes, Government Scholarship",No personal income,"Yes, Rarely",3,4,High Risk
2025-05-21 13:20:30.330,24+,Male,Masters,Public University,"Urban area (e.g., Dhaka, Chittagong, Sylhet)",Home or Hostels,<5 hours,"Yes, Tuition/Coaching",1–2 times/week,>1 hour,4,Yes - Moderate noise (3),3.1–3.5,Sporadically (no fixed schedule),<50%,Rarely,"20,000–50,000","Yes, Government Scholarship","5,000–10,000 BDT","Yes, Rarely",3,2,Low Risk
2025-05-21 13:36:18.250,17–20,Male,Undergraduate (Year 1),Public University,"Urban area (e.g., Dhaka, Chittagong, Sylhet)",University Residence (Halls),5–6 hours,No,1–2 times/week,<30 minutes,1,No dedicated study space,3.1–3.5,Only before exams,50–75%,Always,"<20,000",No,No personal income,"Yes, Daily",3,3,Moderate Risk
2025-05-21 14:46:45.193,21–23,Male,Undergraduate (Year 1),Public University,"Urban area (e.g., Dhaka, Chittagong, Sylhet)",Home or Hostels,<5 hours,No,Daily,<30 minutes,2,Yes - Quiet (4),2.5–3.0,Only before exams,>75%,Always,"50,001–100,000","Yes, University Merit-Based",No personal income,No access,1,1,Low Risk
2025-05-21 15:00:21.138,24+,Male,Masters,Public University,"Urban area (e.g., Dhaka, Chittagong, Sylhet)",Home or Hostels,5–6 hours,"Yes, Part-time/Full-time Job",Daily,<30 minutes,2,No dedicated study space,2.5–3.0,Only before exams,>75%,Always,"<20,000",No,"<5,000 BDT",No access,2,5,High Risk
2025-05-21 15:54:21.245,24+,Female,Undergraduate (Year 2–4),National University / Affiliated College,"Urban area (e.g., Dhaka, Chittagong, Sylhet)",Home or Hostels,7–8 hours,No,Never,<30 minutes,2,Yes - Noisy (2),2.5–3.0,Only before exams,50–75%,Never,"<20,000",No,No personal income,No access,2,3,Moderate Risk
2025-05-21 16:14:52.170,24+,Female,Masters,Public University,"Urban area (e.g., Dhaka, Chittagong, Sylhet)",Home or Hostels,<5 hours,"Yes, Part-time/Full-time Job",3–4 times/week,<30 minutes,5,Yes - Moderate noise (3),3.1–3.5,Sporadically (no fixed schedule),>75%,Always,"20,000–50,000","Yes, Government Scholarship",">10,000 BDT",No access,3,5,High Risk
2025-05-21 18:49:06.229,24+,Female,Masters,Public University,"Rural area (e.g., village, upazila outside major cities)",University Residence (Halls),5–6 hours,No,1–2 times/week,<30 minutes,3,Yes - Moderate noise (3),3.1–3.5,Only before exams,>75%,Sometimes,"<20,000",No,No personal income,"Yes, Rarely",4,1,Low Risk
2025-05-21 19:34:05.588,17–20,Male,Undergraduate (Year 1),Public University,"Urban area (e.g., Dhaka, Chittagong, Sylhet)",University Residence (Halls),5–6 hours,No,1–2 times/week,>1 hour,1,Yes - Noisy (2),2.5–3.0,"Regularly throughout the course (e.g., weekly)",>75%,Sometimes,"20,000–50,000","Yes, University Merit-Based","<5,000 BDT","Yes, Daily",4,4,High Risk
2025-05-21 21:06:55.347,24+,Male,Masters,Public University,"Rural area (e.g., village, upazila outside major cities)",Home or Hostels,<5 hours,"Yes, Part-time/Full-time Job",3–4 times/week,30–60 minutes,3,No dedicated study space,2.5–3.0,Only before exams,<50%,Rarely,"20,000–50,000",No,"5,000–10,000 BDT","Yes, Daily",3,3,Moderate Risk
2025-05-21 21:36:13.835,24+,Male,Masters,Public University,"Urban area (e.g., Dhaka, Chittagong, Sylhet)",Home or Hostels,7–8 hours,"Yes, Part-time/Full-time Job",1–2 times/week,<30 minutes,3,Yes - Quiet (4),3.1–3.5,Only before exams,>75%,Often,"50,001–100,000",No,">10,000 BDT",No access,4,1,Low Risk
2025-05-21 22:17:16.078,21–23,Male,Undergraduate (Year 1),Public University,"Urban area (e.g., Dhaka, Chittagong, Sylhet)",Home or Hostels,<5 hours,No,1–2 times/week,>1 hour,3,Yes - Quiet (4),2.5–3.0,Only before exams,>75%,Sometimes,"20,000–50,000",No,No personal income,"Yes, Rarely",3,1,Low Risk
2025-05-21 23:44:47.493,24+,Male,Masters,Public University,"Urban area (e.g., Dhaka, Chittagong, Sylhet)",Home or Hostels,5–6 hours,"Yes, Tuition/Coaching",1–2 times/week,<30 minutes,3,Yes - Moderate noise (3),3.1–3.5,Sporadically (no fixed schedule),>75%,Often,"20,000–50,000",No,"5,000–10,000 BDT","Yes, Rarely",2,5,High Risk
2025-05-21 23:56:56.602,21–23,Male,Undergraduate (Year 2–4),Private University,"Urban area (e.g., Dhaka, Chittagong, Sylhet)",University Residence (Halls),5–6 hours,"Yes, Tuition/Coaching",Daily,<30 minutes,3,Yes - Moderate noise (3),>3.5,Only before exams,>75%,Often,"50,001–100,000","Yes, University Merit-Based","5,000–10,000 BDT","Yes, Rarely",3,3,Moderate Risk
2025-05-21 23:59:34.968,21–23,Male,Undergraduate (Year 2–4),Public University,"Urban area (e.g., Dhaka, Chittagong, Sylhet)",Home or Hostels,5–6 hours,No,Never,<30 minutes,5,Yes - Moderate noise (3),>3.5,Only before exams,>75%,Rarely,"20,000–50,000","Yes, University Merit-Based",No personal income,"Yes, Weekly",2,1,Low Risk
2025-05-22 00:02:53.114,24+,Male,Undergraduate (Year 2–4),Public University,"Urban area (e.g., Dhaka, Chittagong, Sylhet)",Home or Hostels,7–8 hours,"Yes, Tuition/Coaching",1–2 times/week,30–60 minutes,5,Yes - Very quiet (5),2.5–3.0,"Regularly throughout the course (e.g., weekly)",>75%,Sometimes,"20,000–50,000","Yes, Private/Donor-Funded",">10,000 BDT","Yes, Daily",4,1,Low Risk
2025-05-22 00:04:03.309,24+,Male,Undergraduate (Year 2–4),Public University,"Urban area (e.g., Dhaka, Chittagong, Sylhet)",University Residence (Halls),5–6 hours,"Yes, Tuition/Coaching",3–4 times/week,<30 minutes,3,Yes - Moderate noise (3),>3.5,Sporadically (no fixed schedule),>75%,Often,"20,000–50,000",No,">10,000 BDT","Yes, Daily",2,1,Low Risk
2025-05-22 00:38:16.885,21–23,Male,Undergraduate (Year 2–4),Public University,"Urban area (e.g., Dhaka, Chittagong, Sylhet)",University Residence (Halls),<5 hours,No,1–2 times/week,<30 minutes,2,Yes - Moderate noise (3),>3.5,Sporadically (no fixed schedule),>75%,Always,"20,000–50,000",No,No personal income,No access,2,1,Low Risk
2025-05-22 00:41:09.437,24+,Male,Undergraduate (Year 2–4),Public University,"Suburban area (e.g., Gazipur, Savar, Tongi)",Home or Hostels,5–6 hours,"Yes, Tuition/Coaching",1–2 times/week,>1 hour,3,Yes - Quiet (4),3.1–3.5,Only before exams,>75%,Sometimes,"50,001–100,000",No,">10,000 BDT","Yes, Daily",3,3,Moderate Risk
2025-05-22 00:48:31.468,21–23,Male,Undergraduate (Year 2–4),Public University,"Urban area (e.g., Dhaka, Chittagong, Sylhet)",University Residence (Halls),<5 hours,"Yes, Tuition/Coaching",1–2 times/week,<30 minutes,2,Yes - Moderate noise (3),>3.5,Only before exams,>75%,Often,"20,000–50,000","Yes, Government Scholarship",">10,000 BDT","Yes, Rarely",3,4,High Risk
2025-05-22 00:49:40.059,21–23,Male,Undergraduate (Year 2–4),Public University,"Urban area (e.g., Dhaka, Chittagong, Sylhet)",Home or Hostels,<5 hours,"Yes, Tuition/Coaching",3–4 times/week,30–60 minutes,3,Yes - Quiet (4),>3.5,Only before exams,>75%,Often,">100,000","Yes, University Merit-Based","5,000–10,000 BDT","Yes, Rarely",3,2,Low Risk
2025-05-22 01:23:16.487,21–23,Female,Undergraduate (Year 2–4),Public University,"Urban area (e.g., Dhaka, Chittagong, Sylhet)",Home or Hostels,5–6 hours,"Yes, Tuition/Coaching",Never,30–60 minutes,5,Yes - Moderate noise (3),>3.5,"Regularly throughout the course (e.g., weekly)",>75%,Always,"20,000–50,000","Yes, University Merit-Based","5,000–10,000 BDT","Yes, Weekly",2,3,Moderate Risk
2025-05-22 05:10:27.985,21–23,Male,Undergraduate (Year 2–4),Public University,"Urban area (e.g., Dhaka, Chittagong, Sylhet)",Home or Hostels,<5 hours,"Yes, Tuition/Coaching",3–4 times/week,30–60 minutes,3,No dedicated study space,3.1–3.5,Sporadically (no fixed schedule),>75%,Often,"50,001–100,000",No,"5,000–10,000 BDT","Yes, Daily",3,2,Low Risk
2025-05-22 11:39:28.637,21–23,Female,Undergraduate (Year 2–4),Public University,"Urban area (e.g., Dhaka, Chittagong, Sylhet)",University Residence (Halls),<5 hours,"Yes, Tuition/Coaching",1–2 times/week,<30 minutes,1,Yes - Moderate noise (3),>3.5,Sporadically (no fixed schedule),50–75%,Always,"50,001–100,000","Yes, University Merit-Based","5,000–10,000 BDT","Yes, Rarely",2,2,Low Risk
2025-05-22 12:08:25.244,24+,Male,Undergraduate (Year 2–4),Public University,"Urban area (e.g., Dhaka, Chittagong, Sylhet)",University Residence (Halls),7–8 hours,No,Never,<30 minutes,3,Yes - Very quiet (5),3.1–3.5,Sporadically (no fixed schedule),>75%,Often,"20,000–50,000",No,">10,000 BDT","Yes, Rarely",2,3,Moderate Risk
2025-05-22 14:18:45.521,21–23,Female,Undergraduate (Year 2–4),Private University,"Urban area (e.g., Dhaka, Chittagong, Sylhet)",Home or Hostels,<5 hours,"Yes, Tuition/Coaching",Never,>1 hour,5,Yes - Quiet (4),>3.5,Sporadically (no fixed schedule),>75%,Often,"50,001–100,000","Yes, University Merit-Based",">10,000 BDT","Yes, Weekly",4,1,Low Risk
2025-05-22 14:21:07.752,21–23,Female,Undergraduate (Year 2–4),Private University,"Urban area (e.g., Dhaka, Chittagong, Sylhet)",Home or Hostels,5–6 hours,"Yes, Tuition/Coaching",3–4 times/week,>1 hour,4,Yes - Moderate noise (3),2.5–3.0,Only before exams,>75%,Always,"<20,000",No,"<5,000 BDT","Yes, Weekly",4,3,Moderate Risk
2025-05-22 14:29:49.286,24+,Female,Undergraduate (Year 2–4),National University / Affiliated College,"Urban area (e.g., Dhaka, Chittagong, Sylhet)",Home or Hostels,<5 hours,"Yes, Tuition/Coaching",Never,30–60 minutes,5,Yes - Quiet (4),2.5–3.0,Only before exams,50–75%,Often,"50,001–100,000",No,"<5,000 BDT","Yes, Weekly",2,3,Moderate Risk
2025-05-22 14:43:24.576,21–23,Male,Undergraduate (Year 2–4),Public University,"Urban area (e.g., Dhaka, Chittagong, Sylhet)",Home or Hostels,5–6 hours,"Yes, Tuition/Coaching",1–2 times/week,30–60 minutes,3,Yes - Quiet (4),>3.5,Sporadically (no fixed schedule),>75%,Often,"50,001–100,000",No,">10,000 BDT","Yes, Rarely",2,1,Low Risk
2025-05-22 14:51:08.595,21–23,Male,Undergraduate (Year 2–4),Public University,"Rural area (e.g., village, upazila outside major cities)",University Residence (Halls),5–6 hours,"Yes, Tuition/Coaching",Never,<30 minutes,3,Yes - Moderate noise (3),>3.5,Sporadically (no fixed schedule),>75%,Often,"20,000–50,000",No,">10,000 BDT","Yes, Daily",3,5,High Risk
2025-05-22 14:56:22.423,17–20,Male,Undergraduate (Year 2–4),Public University,"Urban area (e.g., Dhaka, Chittagong, Sylhet)",University Residence (Halls),7–8 hours,No,Daily,<30 minutes,2,Yes - Moderate noise (3),>3.5,Only before exams,50–75%,Rarely,"50,001–100,000",No,No personal income,"Yes, Daily",3,1,Low Risk
2025-05-22 15:07:17.178,21–23,Female,Undergraduate (Year 2–4),Public University,"Urban area (e.g., Dhaka, Chittagong, Sylhet)",Home or Hostels,7–8 hours,"Yes, Tuition/Coaching",Never,30–60 minutes,3,Yes - Moderate noise (3),>3.5,Sporadically (no fixed schedule),>75%,Always,"20,000–50,000","Yes, Government Scholarship","5,000–10,000 BDT",No access,3,3,Moderate Risk
2025-05-22 15:08:41.432,21–23,Male,Undergraduate (Year 2–4),Public University,"Urban area (e.g., Dhaka, Chittagong, Sylhet)",University Residence (Halls),5–6 hours,No,1–2 times/week,<30 minutes,3,Yes - Moderate noise (3),3.1–3.5,Sporadically (no fixed schedule),>75%,Rarely,"20,000–50,000",No,No personal income,"Yes, Rarely",3,2,Low Risk
2025-05-22 15:11:42.045,24+,Male,Undergraduate (Year 2–4),Private University,"Urban area (e.g., Dhaka, Chittagong, Sylhet)",Home or Hostels,<5 hours,"Yes, Tuition/Coaching",1–2 times/week,30–60 minutes,5,Yes - Quiet (4),>3.5,Only before exams,>75%,Rarely,"50,001–100,000","Yes, University Merit-Based","5,000–10,000 BDT","Yes, Daily",2,1,Low Risk
2025-05-22 15:15:17.641,21–23,Male,Undergraduate (Year 2–4),Public University,"Urban area (e.g., Dhaka, Chittagong, Sylhet)",Home or Hostels,<5 hours,"Yes, Tuition/Coaching",1–2 times/week,>1 hour,4,Yes - Quiet (4),>3.5,Sporadically (no fixed schedule),>75%,Always,"20,000–50,000",No,">10,000 BDT","Yes, Daily",3,2,Low Risk
2025-05-22 15:19:19.979,21–23,Male,Undergraduate (Year 2–4),Public University,"Urban area (e.g., Dhaka, Chittagong, Sylhet)",Home or Hostels,<5 hours,"Yes, Tuition/Coaching",Daily,30–60 minutes,4,Yes - Noisy (2),3.1–3.5,Sporadically (no fixed schedule),>75%,Often,"50,001–100,000",No,"5,000–10,000 BDT","Yes, Daily",1,3,Moderate Risk
2025-05-22 15:24:50.626,21–23,Female,Undergraduate (Year 2–4),Public University,"Urban area (e.g., Dhaka, Chittagong, Sylhet)",University Residence (Halls),5–6 hours,"Yes, Tuition/Coaching",Never,<30 minutes,3,No dedicated study space,>3.5,Sporadically (no fixed schedule),>75%,Often,"20,000–50,000",No,"5,000–10,000 BDT","Yes, Weekly",4,2,Low Risk
2025-05-22 15:25:35.369,24+,Female,Undergraduate (Year 2–4),Public University,"Rural area (e.g., village, upazila outside major cities)",University Residence (Halls),7–8 hours,No,1–2 times/week,<30 minutes,1,Yes - Quiet (4),2.5–3.0,Only before exams,>75%,Always,"20,000–50,000","Yes, Private/Donor-Funded",No personal income,"Yes, Daily",5,3,Moderate Risk
2025-05-22 15:36:53.080,21–23,Male,Undergraduate (Year 2–4),Public University,"Urban area (e.g., Dhaka, Chittagong, Sylhet)",Home or Hostels,5–6 hours,"Yes, Tuition/Coaching",Never,30–60 minutes,3,Yes - Moderate noise (3),>3.5,"Regularly throughout the course (e.g., weekly)",>75%,Sometimes,"50,001–100,000","Yes, University Merit-Based","5,000–10,000 BDT","Yes, Daily",3,1,Low Risk
2025-05-22 16:23:12.932,21–23,Female,Undergraduate (Year 2–4),Public University,"Urban area (e.g., Dhaka, Chittagong, Sylhet)",Home or Hostels,<5 hours,"Yes, Tuition/Coaching",1–2 times/week,30–60 minutes,4,Yes - Quiet (4),>3.5,"Regularly throughout the course (e.g., weekly)",>75%,Often,">100,000","Yes, Government Scholarship",">10,000 BDT","Yes, Daily",4,3,Moderate Risk
2025-05-22 17:50:48.134,21–23,Male,Undergraduate (Year 2–4),Public University,"Urban area (e.g., Dhaka, Chittagong, Sylhet)",Home or Hostels,<5 hours,"Yes, Tuition/Coaching",1–2 times/week,30–60 minutes,5,Yes - Moderate noise (3),3.1–3.5,Only before exams,>75%,Often,"50,001–100,000",No,">10,000 BDT","Yes, Rarely",3,1,Low Risk
2025-05-22 18:19:27.455,21–23,Female,Undergraduate (Year 2–4),Public University,"Urban area (e.g., Dhaka, Chittagong, Sylhet)",University Residence (Halls),5–6 hours,No,Daily,<30 minutes,2,Yes - Moderate noise (3),3.1–3.5,Sporadically (no fixed schedule),>75%,Often,">100,000",No,No personal income,"Yes, Rarely",3,2,Low Risk
2025-05-22 18:41:02.812,21–23,Female,Undergraduate (Year 2–4),Public University,"Urban area (e.g., Dhaka, Chittagong, Sylhet)",Home or Hostels,5–6 hours,"Yes, Tuition/Coaching",1–2 times/week,30–60 minutes,3,No dedicated study space,>3.5,Sporadically (no fixed schedule),>75%,Always,"50,001–100,000","Yes, University Merit-Based","<5,000 BDT","Yes, Rarely",1,5,High Risk
2025-05-22 20:03:19.984,24+,Male,Masters,Public University,"Rural area (e.g., village, upazila outside major cities)",Home or Hostels,5–6 hours,"Yes, Part-time/Full-time Job",3–4 times/week,30–60 minutes,4,No dedicated study space,>3.5,Sporadically (no fixed schedule),>75%,Often,"<20,000","Yes, University Merit-Based","5,000–10,000 BDT",No access,3,1,Low Risk
2025-05-22 21:41:54.174,21–23,Male,Undergraduate (Year 2–4),Public University,"Rural area (e.g., village, upazila outside major cities)",University Residence (Halls),5–6 hours,"Yes, Tuition/Coaching",3–4 times/week,<30 minutes,3,Yes - Quiet (4),2.5–3.0,Only before exams,>75%,Sometimes,"20,000–50,000","Yes, Private/Donor-Funded","5,000–10,000 BDT","Yes, Daily",4,3,Moderate Risk
2025-05-22 21:50:37.494,21–23,Male,Undergraduate (Year 2–4),Public University,"Rural area (e.g., village, upazila outside major cities)",University Residence (Halls),5–6 hours,"Yes, Tuition/Coaching",Never,<30 minutes,3,Yes - Very noisy (1),3.1–3.5,Sporadically (no fixed schedule),>75%,Often,"<20,000",No,"5,000–10,000 BDT","Yes, Daily",3,4,High Risk
2025-05-22 21:51:24.957,21–23,Female,Undergraduate (Year 2–4),Public University,"Urban area (e.g., Dhaka, Chittagong, Sylhet)",Home or Hostels,5–6 hours,"Yes, Tuition/Coaching",1–2 times/week,30–60 minutes,3,Yes - Noisy (2),3.1–3.5,Sporadically (no fixed schedule),>75%,Sometimes,"20,000–50,000",No,"5,000–10,000 BDT","Yes, Daily",2,5,High Risk
2025-05-22 21:56:40.555,21–23,Male,Undergraduate (Year 2–4),Public University,"Rural area (e.g., village, upazila outside major cities)",University Residence (Halls),5–6 hours,No,1–2 times/week,<30 minutes,3,Yes - Noisy (2),3.1–3.5,Sporadically (no fixed schedule),50–75%,Often,"20,000–50,000",No,No personal income,"Yes, Daily",2,1,Low Risk
2025-05-22 22:13:06.126,24+,Male,Masters,Private University,"Urban area (e.g., Dhaka, Chittagong, Sylhet)",Home or Hostels,5–6 hours,"Yes, Tuition/Coaching",3–4 times/week,>1 hour,3,Yes - Quiet (4),>3.5,Sporadically (no fixed schedule),>75%,Sometimes,"20,000–50,000",No,"5,000–10,000 BDT",No access,4,1,Low Risk
2025-05-24 15:09:06.083,21–23,Male,Undergraduate (Year 2–4),Public University,"Urban area (e.g., Dhaka, Chittagong, Sylhet)",University Residence (Halls),5–6 hours,"Yes, Freelancing (e.g., online work)",3–4 times/week,<30 minutes,3,Yes - Moderate noise (3),3.1–3.5,Only before exams,50–75%,Sometimes,"20,000–50,000",No,"5,000–10,000 BDT",No access,1,1,Low Risk
2025-05-24 15:09:42.741,24+,Male,Masters,Public University,"Urban area (e.g., Dhaka, Chittagong, Sylhet)",Home or Hostels,5–6 hours,"Yes, Freelancing (e.g., online work)",Daily,<30 minutes,3,Yes - Moderate noise (3),>3.5,Only before exams,>75%,Rarely,"20,000–50,000",No,"<5,000 BDT","Yes, Rarely",1,1,Low Risk
2025-05-24 15:13:52.410,24+,Male,Masters,Public University,"Urban area (e.g., Dhaka, Chittagong, Sylhet)",Home or Hostels,7–8 hours,"Yes, Part-time/Full-time Job",1–2 times/week,<30 minutes,4,Yes - Quiet (4),3.1–3.5,Only before exams,>75%,Rarely,"50,001–100,000",No,">10,000 BDT","Yes, Daily",3,1,Low Risk
2025-05-24 15:15:03.114,24+,Male,Masters,Public University,"Urban area (e.g., Dhaka, Chittagong, Sylhet)",Home or Hostels,<5 hours,No,Never,<30 minutes,3,Yes - Moderate noise (3),2.5–3.0,Only before exams,>75%,Often,"20,000–50,000",No,No personal income,"Yes, Rarely",3,3,Moderate Risk
2025-05-24 15:15:18.599,24+,Male,Masters,Public University,"Urban area (e.g., Dhaka, Chittagong, Sylhet)",Home or Hostels,7–8 hours,"Yes, Part-time/Full-time Job",3–4 times/week,<30 minutes,2,Yes - Moderate noise (3),2.5–3.0,Sporadically (no fixed schedule),50–75%,Often,"<20,000",No,No personal income,"Yes, Rarely",1,5,High Risk
2025-05-24 15:16:14.783,21–23,Male,Undergraduate (Year 2–4),Public University,"Urban area (e.g., Dhaka, Chittagong, Sylhet)",Home or Hostels,7–8 hours,"Yes, Tuition/Coaching",3–4 times/week,<30 minutes,4,Yes - Quiet (4),>3.5,Sporadically (no fixed schedule),>75%,Sometimes,"<20,000","Yes, Private/Donor-Funded","5,000–10,000 BDT","Yes, Daily",3,2,Low Risk
2025-05-24 15:16:31.868,21–23,Male,Undergraduate (Year 2–4),Public University,"Urban area (e.g., Dhaka, Chittagong, Sylhet)",University Residence (Halls),7–8 hours,"Yes, Tuition/Coaching",1–2 times/week,<30 minutes,3,Yes - Moderate noise (3),3.1–3.5,Only before exams,>75%,Often,"20,000–50,000",No,"5,000–10,000 BDT","Yes, Weekly",2,5,High Risk
2025-05-24 15:16:51.135,24+,Male,Masters,Public University,"Rural area (e.g., village, upazila outside major cities)",Home or Hostels,5–6 hours,"Yes, Tuition/Coaching",1–2 times/week,<30 minutes,4,Yes - Moderate noise (3),>3.5,Sporadically (no fixed schedule),>75%,Sometimes,"<20,000",No,No personal income,"Yes, Weekly",1,1,Low Risk
2025-05-24 15:18:42.333,24+,Male,Masters,Public University,"Urban area (e.g., Dhaka, Chittagong, Sylhet)",Home or Hostels,7–8 hours,No,1–2 times/week,<30 minutes,4,Yes - Quiet (4),>3.5,Only before exams,>75%,Sometimes,"50,001–100,000",No,No personal income,No access,3,1,Low Risk
2025-05-24 15:20:57.753,21–23,Male,Undergraduate (Year 2–4),Public University,"Rural area (e.g., village, upazila outside major cities)",University Residence (Halls),7–8 hours,No,1–2 times/week,<30 minutes,1,Yes - Quiet (4),3.1–3.5,Only before exams,>75%,Sometimes,"<20,000","Yes, University Merit-Based",No personal income,"Yes, Daily",4,5,High Risk
2025-05-24 15:21:11.678,21–23,Male,Undergraduate (Year 2–4),Public University,"Urban area (e.g., Dhaka, Chittagong, Sylhet)",University Residence (Halls),5–6 hours,"Yes, Tuition/Coaching",3–4 times/week,<30 minutes,3,Yes - Moderate noise (3),>3.5,Sporadically (no fixed schedule),>75%,Often,"50,001–100,000","Yes, Government Scholarship","5,000–10,000 BDT",No access,2,1,Low Risk
2025-05-24 15:21:29.502,24+,Female,Masters,Public University,"Rural area (e.g., village, upazila outside major cities)",Home or Hostels,5–6 hours,No,Daily,<30 minutes,3,Yes - Moderate noise (3),3.1–3.5,Only before exams,>75%,Always,"20,000–50,000",No,No personal income,No access,1,5,High Risk
2025-05-24 15:26:26.880,21–23,Male,Undergraduate (Year 2–4),Public University,"Urban area (e.g., Dhaka, Chittagong, Sylhet)",Home or Hostels,5–6 hours,"Yes, Tuition/Coaching",1–2 times/week,30–60 minutes,3,Yes - Quiet (4),2.5–3.0,Only before exams,>75%,Often,"20,000–50,000",No,"5,000–10,000 BDT","Yes, Daily",2,3,Moderate Risk
2025-05-24 15:37:58.613,24+,Male,Masters,Public University,"Urban area (e.g., Dhaka, Chittagong, Sylhet)",Home or Hostels,<5 hours,"Yes, Part-time/Full-time Job",1–2 times/week,<30 minutes,5,Yes - Quiet (4),3.1–3.5,Only before exams,50–75%,Often,"20,000–50,000",No,"5,000–10,000 BDT",No access,3,1,Low Risk
2025-05-24 15:44:32.090,17–20,Male,Undergraduate (Year 1),Public University,"Urban area (e.g., Dhaka, Chittagong, Sylhet)",Home or Hostels,<5 hours,No,Daily,>1 hour,2,Yes - Noisy (2),>3.5,"Regularly throughout the course (e.g., weekly)",>75%,Often,"50,001–100,000",No,No personal income,"Yes, Daily",2,3,Moderate Risk
2025-05-24 15:45:42.257,17–20,Female,Undergraduate (Year 1),Public University,"Rural area (e.g., village, upazila outside major cities)",University Residence (Halls),5–6 hours,No,3–4 times/week,<30 minutes,3,Yes - Moderate noise (3),>3.5,Only before exams,>75%,Always,"20,000–50,000",No,No personal income,"Yes, Daily",3,4,High Risk
2025-05-24 15:46:37.172,17–20,Female,Undergraduate (Year 1),Public University,"Urban area (e.g., Dhaka, Chittagong, Sylhet)",Home or Hostels,5–6 hours,No,Never,30–60 minutes,4,Yes - Quiet (4),3.1–3.5,"Regularly throughout the course (e.g., weekly)",>75%,Often,">100,000",No,No personal income,"Yes, Weekly",3,1,Low Risk
2025-05-24 15:46:40.399,21–23,Male,Undergraduate (Year 1),Public University,"Urban area (e.g., Dhaka, Chittagong, Sylhet)",University Residence (Halls),5–6 hours,No,Never,<30 minutes,3,Yes - Quiet (4),3.1–3.5,"Regularly throughout the course (e.g., weekly)",>75%,Sometimes,"50,001–100,000",No,No personal income,No access,4,1,Low Risk
2025-05-24 15:51:36.602,24+,Male,Masters,Public University,"Suburban area (e.g., Gazipur, Savar, Tongi)",Home or Hostels,5–6 hours,"Yes, Freelancing (e.g., online work)",3–4 times/week,<30 minutes,3,Yes - Moderate noise (3),>3.5,Only before exams,>75%,Sometimes,"20,000–50,000","Yes, University Merit-Based",">10,000 BDT","Yes, Daily",3,1,Low Risk
2025-05-24 15:51:43.538,17–20,Female,Undergraduate (Year 1),Public University,"Urban area (e.g., Dhaka, Chittagong, Sylhet)",Home or Hostels,5–6 hours,No,1–2 times/week,<30 minutes,3,Yes - Noisy (2),3.1–3.5,"Regularly throughout the course (e.g., weekly)",>75%,Sometimes,"20,000–50,000",No,No personal income,"Yes, Weekly",3,3,Moderate Risk
2025-05-24 15:55:08.499,24+,Male,Masters,Public University,"Urban area (e.g., Dhaka, Chittagong, Sylhet)",Home or Hostels,5–6 hours,"Yes, Part-time/Full-time Job",3–4 times/week,30–60 minutes,5,Yes - Moderate noise (3),>3.5,Only before exams,>75%,Always,"20,000–50,000",No,">10,000 BDT","Yes, Rarely",1,3,Moderate Risk
2025-05-24 16:00:50.421,21–23,Male,Undergraduate (Year 1),Public University,"Urban area (e.g., Dhaka, Chittagong, Sylhet)",Home or Hostels,5–6 hours,No,Never,30–60 minutes,5,Yes - Moderate noise (3),2.5–3.0,Only before exams,>75%,Often,"50,001–100,000",No,No personal income,No access,1,1,Low Risk
2025-05-24 16:01:11.181,17–20,Male,Undergraduate (Year 1),Public University,"Urban area (e.g., Dhaka, Chittagong, Sylhet)",Home or Hostels,5–6 hours,No,Never,30–60 minutes,4,Yes - Quiet (4),3.1–3.5,Sporadically (no fixed schedule),>75%,Sometimes,"20,000–50,000",No,No personal income,"Yes, Daily",4,3,Moderate Risk
2025-05-24 16:01:17.313,24+,Male,Masters,Private University,"Urban area (e.g., Dhaka, Chittagong, Sylhet)",Home or Hostels,<5 hours,"Yes, Tuition/Coaching",1–2 times/week,<30 minutes,3,Yes - Noisy (2),3.1–3.5,Only before exams,<50%,Sometimes,"50,001–100,000",No,"5,000–10,000 BDT","Yes, Daily",1,1,Low Risk
2025-05-24 16:02:26.529,17–20,Male,Undergraduate (Year 1),National University / Affiliated College,"Suburban area (e.g., Gazipur, Savar, Tongi)",Home or Hostels,7–8 hours,"Yes, Tuition/Coaching",Daily,<30 minutes,5,Yes - Quiet (4),3.1–3.5,"Regularly throughout the course (e.g., weekly)",50–75%,Sometimes,"20,000–50,000",No,"5,000–10,000 BDT","Yes, Daily",2,2,Low Risk
2025-05-24 16:02:28.732,17–20,Male,Undergraduate (Year 1),Private University,"Urban area (e.g., Dhaka, Chittagong, Sylhet)",Home or Hostels,5–6 hours,No,1–2 times/week,30–60 minutes,3,Yes - Moderate noise (3),>3.5,Sporadically (no fixed schedule),50–75%,Often,">100,000",No,No personal income,No access,3,1,Low Risk
2025-05-24 16:02:36.087,21–23,Male,Undergraduate (Year 2–4),National University / Affiliated College,"Urban area (e.g., Dhaka, Chittagong, Sylhet)",Home or Hostels,7–8 hours,"Yes, Tuition/Coaching",3–4 times/week,<30 minutes,5,Yes - Quiet (4),<2.5,Sporadically (no fixed schedule),<50%,Sometimes,"20,000–50,000",No,"5,000–10,000 BDT",No access,3,3,Moderate Risk
2025-05-24 16:03:01.885,24+,Male,Masters,Public University,"Urban area (e.g., Dhaka, Chittagong, Sylhet)",Home or Hostels,5–6 hours,"Yes, Tuition/Coaching",1–2 times/week,<30 minutes,4,Yes - Quiet (4),<2.5,Only before exams,>75%,Never,"20,000–50,000","Yes, Government Scholarship",">10,000 BDT","Yes, Weekly",4,3,Moderate Risk
2025-05-24 16:03:27.960,21–23,Male,Undergraduate (Year 2–4),National University / Affiliated College,"Urban area (e.g., Dhaka, Chittagong, Sylhet)",Home or Hostels,5–6 hours,No,Never,30–60 minutes,3,Yes - Noisy (2),2.5–3.0,Sporadically (no fixed schedule),<50%,Rarely,"20,000–50,000",No,No personal income,No access,3,3,Moderate Risk
2025-05-24 16:06:33.896,21–23,Male,Undergraduate (Year 2–4),Public University,"Rural area (e.g., village, upazila outside major cities)",Home or Hostels,<5 hours,No,3–4 times/week,<30 minutes,3,Yes - Quiet (4),>3.5,Only before exams,50–75%,Sometimes,"<20,000",No,No personal income,No access,2,1,Low Risk
2025-05-24 16:07:31.520,17–20,Male,Undergraduate (Year 1),Public University,"Urban area (e.g., Dhaka, Chittagong, Sylhet)",University Residence (Halls),7–8 hours,"Yes, Tuition/Coaching",1–2 times/week,30–60 minutes,3,Yes - Moderate noise (3),3.1–3.5,Only before exams,50–75%,Sometimes,"20,000–50,000",No,"<5,000 BDT","Yes, Weekly",3,3,Moderate Risk
2025-05-24 16:08:12.488,21–23,Male,Undergraduate (Year 1),Private University,"Urban area (e.g., Dhaka, Chittagong, Sylhet)",Home or Hostels,5–6 hours,"Yes, Tuition/Coaching",1–2 times/week,>1 hour,5,Yes - Very noisy (1),3.1–3.5,Sporadically (no fixed schedule),>75%,Often,"20,000–50,000","Yes, University Merit-Based","<5,000 BDT","Yes, Daily",4,1,Low Risk
2025-05-24 16:10:34.317,21–23,Male,Undergraduate (Year 1),Private University,"Rural area (e.g., village, upazila outside major cities)",Home or Hostels,<5 hours,No,Daily,30–60 minutes,1,Yes - Very noisy (1),>3.5,Sporadically (no fixed schedule),>75%,Often,"50,001–100,000","Yes, University Merit-Based",No personal income,"Yes, Weekly",1,1,Low Risk
2025-05-24 16:10:42.576,17–20,Female,Undergraduate (Year 1),Private University,"Urban area (e.g., Dhaka, Chittagong, Sylhet)",Home or Hostels,<5 hours,"Yes, Tuition/Coaching",Daily,>1 hour,3,Yes - Moderate noise (3),3.1–3.5,Sporadically (no fixed schedule),>75%,Sometimes,"20,000–50,000","Yes, University Merit-Based",No personal income,No access,4,5,High Risk
2025-05-24 16:12:35.804,21–23,Male,Undergraduate (Year 2–4),National University / Affiliated College,"Rural area (e.g., village, upazila outside major cities)",Home or Hostels,5–6 hours,No,1–2 times/week,>1 hour,3,Yes - Moderate noise (3),3.1–3.5,"Regularly throughout the course (e.g., weekly)",>75%,Sometimes,"20,000–50,000",No,No personal income,"Yes, Daily",3,1,Low Risk
2025-05-24 16:13:34.045,21–23,Female,Undergraduate (Year 2–4),Public University,"Rural area (e.g., village, upazila outside major cities)",University Residence (Halls),5–6 hours,No,3–4 times/week,<30 minutes,3,No dedicated study space,3.1–3.5,Only before exams,50–75%,Always,"<20,000","Yes, Government Scholarship",No personal income,"Yes, Rarely",2,2,Low Risk
2025-05-24 16:14:20.959,24+,Male,Undergraduate (Year 1),Private University,"Rural area (e.g., village, upazila outside major cities)",Home or Hostels,<5 hours,"Yes, Tuition/Coaching",Daily,<30 minutes,3,Yes - Noisy (2),2.5–3.0,Sporadically (no fixed schedule),>75%,Often,"20,000–50,000",No,"5,000–10,000 BDT","Yes, Daily",4,2,Low Risk
2025-05-24 16:14:34.904,21–23,Male,Undergraduate (Year 1),Private University,"Urban area (e.g., Dhaka, Chittagong, Sylhet)",Home or Hostels,<5 hours,No,1–2 times/week,>1 hour,1,Yes - Very noisy (1),2.5–3.0,Only before exams,50–75%,Sometimes,">100,000",No,No personal income,"Yes, Rarely",3,1,Low Risk
2025-05-24 16:16:15.622,21–23,Male,Undergraduate (Year 1),Private University,"Urban area (e.g., Dhaka, Chittagong, Sylhet)",Home or Hostels,5–6 hours,"Yes, Tuition/Coaching",3–4 times/week,30–60 minutes,4,Yes - Quiet (4),3.1–3.5,Only before exams,>75%,Rarely,"<20,000","Yes, University Merit-Based","<5,000 BDT","Yes, Rarely",1,4,High Risk
2025-05-24 16:18:49.056,21–23,Female,Undergraduate (Year 1),Private University,"Urban area (e.g., Dhaka, Chittagong, Sylhet)",Home or Hostels,5–6 hours,No,Daily,30–60 minutes,3,Yes - Noisy (2),<2.5,Sporadically (no fixed schedule),<50%,Sometimes,"20,000–50,000",No,No personal income,No access,3,3,Moderate Risk
2025-05-24 16:24:04.746,17–20,Male,Undergraduate (Year 1),Public University,"Urban area (e.g., Dhaka, Chittagong, Sylhet)",Home or Hostels,7–8 hours,"Yes, Tuition/Coaching",3–4 times/week,>1 hour,3,Yes - Moderate noise (3),>3.5,"Regularly throughout the course (e.g., weekly)",>75%,Often,"<20,000","Yes, Government Scholarship","5,000–10,000 BDT",No access,3,1,Low Risk
2025-05-24 16:25:28.845,24+,Male,Masters,Private University,"Rural area (e.g., village, upazila outside major cities)",Home or Hostels,5–6 hours,No,3–4 times/week,>1 hour,1,Yes - Moderate noise (3),3.1–3.5,Only before exams,50–75%,Always,"<20,000",No,No personal income,No access,3,3,Moderate Risk
2025-05-24 16:27:43.503,21–23,Male,Undergraduate (Year 2–4),Public University,"Urban area (e.g., Dhaka, Chittagong, Sylhet)",University Residence (Halls),5–6 hours,No,1–2 times/week,<30 minutes,4,Yes - Quiet (4),3.1–3.5,Sporadically (no fixed schedule),>75%,Often,"20,000–50,000",No,No personal income,"Yes, Rarely",2,3,Moderate Risk
2025-05-24 17:01:25.231,24+,Male,Masters,Private University,"Urban area (e.g., Dhaka, Chittagong, Sylhet)",Home or Hostels,<5 hours,"Yes, Part-time/Full-time Job",Never,<30 minutes,5,Yes - Quiet (4),2.5–3.0,Sporadically (no fixed schedule),>75%,Sometimes,">100,000",No,">10,000 BDT","Yes, Daily",3,1,Low Risk
2025-05-24 17:01:46.036,21–23,Female,Undergraduate (Year 2–4),Public University,"Urban area (e.g., Dhaka, Chittagong, Sylhet)",Home or Hostels,5–6 hours,No,1–2 times/week,30–60 minutes,4,Yes - Moderate noise (3),2.5–3.0,Only before exams,50–75%,Often,"20,000–50,000",No,No personal income,"Yes, Daily",2,2,Low Risk
2025-05-24 17:08:15.393,17–20,Female,Undergraduate (Year 1),Public University,"Urban area (e.g., Dhaka, Chittagong, Sylhet)",Home or Hostels,5–6 hours,No,Daily,>1 hour,1,No dedicated study space,>3.5,Only before exams,>75%,Always,"50,001–100,000","Yes, Government Scholarship",No personal income,"Yes, Rarely",1,5,High Risk
2025-05-24 18:23:57.553,24+,Male,Masters,Public University,"Urban area (e.g., Dhaka, Chittagong, Sylhet)",Home or Hostels,5–6 hours,"Yes, Tuition/Coaching",1–2 times/week,>1 hour,3,Yes - Noisy (2),3.1–3.5,Only before exams,50–75%,Sometimes,"20,000–50,000",No,">10,000 BDT",No access,1,1,Low Risk
2025-05-24 18:38:31.033,21–23,Male,Undergraduate (Year 2–4),Public University,"Urban area (e.g., Dhaka, Chittagong, Sylhet)",Home or Hostels,5–6 hours,No,1–2 times/week,>1 hour,5,Yes - Quiet (4),>3.5,Sporadically (no fixed schedule),>75%,Sometimes,">100,000",No,No personal income,"Yes, Rarely",3,3,Moderate Risk
2025-05-24 18:48:03.157,21–23,Male,Undergraduate (Year 2–4),Public University,"Urban area (e.g., Dhaka, Chittagong, Sylhet)",University Residence (Halls),<5 hours,No,Daily,<30 minutes,3,Yes - Moderate noise (3),3.1–3.5,Only before exams,>75%,Rarely,">100,000",No,No personal income,"Yes, Rarely",2,4,High Risk
2025-05-24 19:09:23.214,24+,Male,Undergraduate (Year 2–4),Public University,"Rural area (e.g., village, upazila outside major cities)",Home or Hostels,5–6 hours,"Yes, Tuition/Coaching",1–2 times/week,30–60 minutes,4,Yes - Quiet (4),>3.5,Sporadically (no fixed schedule),>75%,Often,"20,000–50,000",No,">10,000 BDT","Yes, Rarely",4,3,Moderate Risk
2025-05-24 19:46:46.685,21–23,Female,Undergraduate (Year 2–4),Public University,"Urban area (e.g., Dhaka, Chittagong, Sylhet)",Home or Hostels,7–8 hours,No,Never,30–60 minutes,4,Yes - Moderate noise (3),>3.5,Sporadically (no fixed schedule),>75%,Sometimes,"20,000–50,000","Yes, Government Scholarship",No personal income,"Yes, Rarely",3,2,Low Risk
2025-05-24 20:22:52.814,21–23,Male,Undergraduate (Year 1),Public University,"Urban area (e.g., Dhaka, Chittagong, Sylhet)",University Residence (Halls),7–8 hours,No,1–2 times/week,<30 minutes,4,Yes - Noisy (2),3.1–3.5,"Regularly throughout the course (e.g., weekly)",>75%,Sometimes,"<20,000","Yes, Government Scholarship",No personal income,No access,4,3,Moderate Risk
2025-05-24 21:05:04.313,21–23,Female,Undergraduate (Year 1),Public University,"Urban area (e.g., Dhaka, Chittagong, Sylhet)",Home or Hostels,5–6 hours,No,Never,<30 minutes,5,Yes - Quiet (4),2.5–3.0,Sporadically (no fixed schedule),>75%,Always,">100,000",No,No personal income,"Yes, Daily",2,3,Moderate Risk
2025-05-24 21:43:27.133,17–20,Female,Undergraduate (Year 1),Public University,"Urban area (e.g., Dhaka, Chittagong, Sylhet)",Home or Hostels,5–6 hours,"Yes, Tuition/Coaching",Never,>1 hour,4,Yes - Moderate noise (3),3.1–3.5,Sporadically (no fixed schedule),>75%,Often,"<20,000","Yes, Government Scholarship","<5,000 BDT","Yes, Rarely",3,4,High Risk
2025-05-24 21:50:25.679,17–20,Male,Undergraduate (Year 1),Public University,"Rural area (e.g., village, upazila outside major cities)",Home or Hostels,<5 hours,"Yes, Tuition/Coaching",Never,30–60 minutes,5,Yes - Moderate noise (3),>3.5,"Regularly throughout the course (e.g., weekly)",>75%,Sometimes,"<20,000",No,"<5,000 BDT","Yes, Weekly",4,1,Low Risk
2025-05-24 22:47:14.160,21–23,Male,Undergraduate (Year 1),Public University,"Rural area (e.g., village, upazila outside major cities)",Home or Hostels,7–8 hours,"Yes, Tuition/Coaching",3–4 times/week,30–60 minutes,1,No dedicated study space,>3.5,Only before exams,>75%,Sometimes,"<20,000",No,No personal income,"Yes, Rarely",3,5,High Risk
2025-05-25 00:14:35.306,24+,Male,Masters,Public University,"Urban area (e.g., Dhaka, Chittagong, Sylhet)",Home or Hostels,<5 hours,"Yes, Part-time/Full-time Job",Daily,>1 hour,4,Yes - Moderate noise (3),3.1–3.5,Only before exams,<50%,Always,"20,000–50,000",No,">10,000 BDT",No access,2,5,High Risk
2025-05-25 00:20:28.288,24+,Male,Undergraduate (Year 2–4),National University / Affiliated College,"Rural area (e.g., village, upazila outside major cities)",Home or Hostels,5–6 hours,"Yes, Tuition/Coaching",Daily,30–60 minutes,4,Yes - Moderate noise (3),3.1–3.5,Sporadically (no fixed schedule),<50%,Sometimes,"20,000–50,000",No,"5,000–10,000 BDT","Yes, Daily",1,3,Moderate Risk
2025-05-25 00:20:35.886,21–23,Female,Undergraduate (Year 1),Public University,"Rural area (e.g., village, upazila outside major cities)",University Residence (Halls),5–6 hours,"Yes, Tuition/Coaching",1–2 times/week,<30 minutes,3,Yes - Moderate noise (3),>3.5,"Regularly throughout the course (e.g., weekly)",>75%,Always,"<20,000","Yes, Government Scholarship","<5,000 BDT","Yes, Daily",3,3,Moderate Risk
2025-05-25 11:11:11.832,17–20,Male,Undergraduate (Year 1),Public University,"Rural area (e.g., village, upazila outside major cities)",Home or Hostels,5–6 hours,"Yes, Tuition/Coaching",1–2 times/week,30–60 minutes,5,Yes - Quiet (4),>3.5,"Regularly throughout the course (e.g., weekly)",>75%,Rarely,"20,000–50,000",No,"5,000–10,000 BDT","Yes, Daily",3,3,Moderate Risk
2025-05-25 12:03:05.354,24+,Female,Masters,Public University,"Urban area (e.g., Dhaka, Chittagong, Sylhet)",Home or Hostels,5–6 hours,"Yes, Freelancing (e.g., online work)",3–4 times/week,30–60 minutes,4,Yes - Moderate noise (3),>3.5,"Regularly throughout the course (e.g., weekly)",>75%,Often,"50,001–100,000","Yes, University Merit-Based","<5,000 BDT","Yes, Daily",4,1,Low Risk
2025-05-25 12:11:38.397,24+,Male,Masters,Public University,"Urban area (e.g., Dhaka, Chittagong, Sylhet)",Home or Hostels,7–8 hours,"Yes, Part-time/Full-time Job",3–4 times/week,30–60 minutes,3,Yes - Moderate noise (3),>3.5,Sporadically (no fixed schedule),>75%,Sometimes,">100,000","Yes, University Merit-Based",">10,000 BDT","Yes, Rarely",2,3,Moderate Risk
2025-05-25 14:30:48.764,21–23,Male,Undergraduate (Year 1),Public University,"Urban area (e.g., Dhaka, Chittagong, Sylhet)",Home or Hostels,5–6 hours,"Yes, Tuition/Coaching",1–2 times/week,>1 hour,3,Yes - Very quiet (5),>3.5,Only before exams,>75%,Always,"20,000–50,000",No,"5,000–10,000 BDT","Yes, Daily",3,3,Moderate Risk
2025-05-25 14:32:05.695,21–23,Male,Undergraduate (Year 1),Public University,"Urban area (e.g., Dhaka, Chittagong, Sylhet)",Home or Hostels,>8 hours,"Yes, Tuition/Coaching",1–2 times/week,<30 minutes,3,Yes - Moderate noise (3),3.1–3.5,Sporadically (no fixed schedule),>75%,Often,"20,000–50,000",No,No personal income,No access,3,3,Moderate Risk
2025-05-25 14:58:40.304,21–23,Female,Masters,Public University,"Urban area (e.g., Dhaka, Chittagong, Sylhet)",Home or Hostels,7–8 hours,"Yes, Tuition/Coaching",1–2 times/week,>1 hour,4,Yes - Moderate noise (3),3.1–3.5,"Regularly throughout the course (e.g., weekly)",50–75%,Often,"50,001–100,000",No,"5,000–10,000 BDT",No access,3,3,Moderate Risk
2025-05-25 17:07:55.482,21–23,Male,Undergraduate (Year 1),Public University,"Urban area (e.g., Dhaka, Chittagong, Sylhet)",Home or Hostels,7–8 hours,No,Never,>1 hour,5,Yes - Quiet (4),<2.5,Sporadically (no fixed schedule),>75%,Sometimes,"50,001–100,000",No,No personal income,"Yes, Daily",3,2,Low Risk
2025-05-25 17:17:03.601,24+,Male,Masters,Public University,"Rural area (e.g., village, upazila outside major cities)",University Residence (Halls),5–6 hours,"Yes, Part-time/Full-time Job",3–4 times/week,<30 minutes,1,Yes - Moderate noise (3),3.1–3.5,Only before exams,50–75%,Rarely,"20,000–50,000",No,"5,000–10,000 BDT","Yes, Rarely",1,3,Moderate Risk
2025-05-25 20:03:05.838,21–23,Male,Undergraduate (Year 1),National University / Affiliated College,"Urban area (e.g., Dhaka, Chittagong, Sylhet)",Home or Hostels,5–6 hours,"Yes, Part-time/Full-time Job",Never,<30 minutes,3,Yes - Moderate noise (3),2.5–3.0,Sporadically (no fixed schedule),50–75%,Often,"20,000–50,000",No,"<5,000 BDT","Yes, Daily",2,5,High Risk
2025-05-25 20:07:01.180,17–20,Female,Undergraduate (Year 1),Private University,"Urban area (e.g., Dhaka, Chittagong, Sylhet)",Home or Hostels,5–6 hours,"Yes, Tuition/Coaching",1–2 times/week,>1 hour,2,Yes - Moderate noise (3),3.1–3.5,Only before exams,>75%,Always,">100,000",No,">10,000 BDT",No access,3,3,Moderate Risk
2025-05-25 20:13:11.502,21–23,Female,Undergraduate (Year 2–4),National University / Affiliated College,"Suburban area (e.g., Gazipur, Savar, Tongi)",Home or Hostels,5–6 hours,"Yes, Tuition/Coaching",3–4 times/week,>1 hour,1,Yes - Moderate noise (3),<2.5,Only before exams,50–75%,Rarely,"20,000–50,000",No,"<5,000 BDT",No access,3,2,Low Risk
2025-05-25 20:15:22.232,17–20,Female,Undergraduate (Year 1),Public University,"Urban area (e.g., Dhaka, Chittagong, Sylhet)",Home or Hostels,<5 hours,"Yes, Tuition/Coaching",1–2 times/week,>1 hour,3,Yes - Moderate noise (3),2.5–3.0,"Regularly throughout the course (e.g., weekly)",>75%,Always,"20,000–50,000",No,"<5,000 BDT","Yes, Rarely",3,3,Moderate Risk
2025-05-25 21:10:13.266,17–20,Male,Undergraduate (Year 2–4),Public University,"Urban area (e.g., Dhaka, Chittagong, Sylhet)",Home or Hostels,5–6 hours,"Yes, Tuition/Coaching",1–2 times/week,>1 hour,4,Yes - Moderate noise (3),>3.5,Sporadically (no fixed schedule),>75%,Often,"20,000–50,000",No,"5,000–10,000 BDT","Yes, Rarely",4,3,Moderate Risk
2025-05-25 21:17:38.646,21–23,Male,Undergraduate (Year 1),Public University,"Urban area (e.g., Dhaka, Chittagong, Sylhet)",Home or Hostels,5–6 hours,No,Daily,<30 minutes,3,Yes - Quiet (4),>3.5,Only before exams,>75%,Sometimes,"50,001–100,000",No,No personal income,"Yes, Daily",1,3,Moderate Risk
2025-05-25 22:42:44.098,21–23,Male,Undergraduate (Year 1),National University / Affiliated College,"Urban area (e.g., Dhaka, Chittagong, Sylhet)",Home or Hostels,7–8 hours,"Yes, Part-time/Full-time Job",Never,>1 hour,5,Yes - Very quiet (5),2.5–3.0,Sporadically (no fixed schedule),>75%,Sometimes,"20,000–50,000",No,"5,000–10,000 BDT","Yes, Daily",2,1,Low Risk
2025-05-25 23:42:26.289,24+,Male,Undergraduate (Year 2–4),Public University,"Urban area (e.g., Dhaka, Chittagong, Sylhet)",University Residence (Halls),5–6 hours,"Yes, Freelancing (e.g., online work)",1–2 times/week,<30 minutes,3,Yes - Noisy (2),>3.5,Only before exams,>75%,Sometimes,"<20,000",No,"5,000–10,000 BDT","Yes, Rarely",2,1,Low Risk
2025-05-26 00:49:29.598,21–23,Male,Undergraduate (Year 1),National University / Affiliated College,"Rural area (e.g., village, upazila outside major cities)",Home or Hostels,5–6 hours,No,3–4 times/week,<30 minutes,3,Yes - Moderate noise (3),2.5–3.0,Sporadically (no fixed schedule),50–75%,Often,"20,000–50,000",No,No personal income,"Yes, Daily",2,4,High Risk
2025-05-26 10:49:01.101,24+,Male,Masters,Private University,"Suburban area (e.g., Gazipur, Savar, Tongi)",Home or Hostels,5–6 hours,"Yes, Part-time/Full-time Job",Never,30–60 minutes,5,Yes - Quiet (4),>3.5,"Regularly throughout the course (e.g., weekly)",>75%,Sometimes,"20,000–50,000",No,">10,000 BDT","Yes, Weekly",3,3,Moderate Risk
2025-05-26 10:59:29.638,24+,Male,Masters,Public University,"Urban area (e.g., Dhaka, Chittagong, Sylhet)",Home or Hostels,7–8 hours,No,Never,30–60 minutes,5,Yes - Quiet (4),3.1–3.5,Sporadically (no fixed schedule),50–75%,Often,">100,000",No,">10,000 BDT","Yes, Rarely",4,1,Low Risk
2025-05-26 11:03:57.236,24+,Male,Masters,Public University,"Urban area (e.g., Dhaka, Chittagong, Sylhet)",Home or Hostels,5–6 hours,No,Never,>1 hour,4,Yes - Moderate noise (3),3.1–3.5,Only before exams,50–75%,Always,"50,001–100,000",No,">10,000 BDT",No access,3,3,Moderate Risk
2025-05-26 11:07:53.406,24+,Male,Masters,Public University,"Urban area (e.g., Dhaka, Chittagong, Sylhet)",Home or Hostels,7–8 hours,No,Never,30–60 minutes,3,Yes - Very quiet (5),3.1–3.5,Only before exams,50–75%,Never,">100,000",No,"5,000–10,000 BDT","Yes, Weekly",1,1,Low Risk
2025-05-26 11:31:19.656,24+,Male,Masters,Private University,"Urban area (e.g., Dhaka, Chittagong, Sylhet)",Home or Hostels,5–6 hours,No,Never,>1 hour,4,Yes - Moderate noise (3),3.1–3.5,Sporadically (no fixed schedule),>75%,Sometimes,"50,001–100,000",No,">10,000 BDT",No access,4,1,Low Risk
2025-05-26 11:32:44.323,17–20,Male,Undergraduate (Year 1),Public University,"Urban area (e.g., Dhaka, Chittagong, Sylhet)",Home or Hostels,5–6 hours,"Yes, Tuition/Coaching",3–4 times/week,<30 minutes,3,Yes - Moderate noise (3),3.1–3.5,Only before exams,>75%,Often,"50,001–100,000",No,">10,000 BDT","Yes, Weekly",3,5,High Risk
2025-05-26 11:36:49.782,24+,Male,Masters,Public University,"Urban area (e.g., Dhaka, Chittagong, Sylhet)",Home or Hostels,5–6 hours,"Yes, Part-time/Full-time Job",1–2 times/week,>1 hour,3,Yes - Moderate noise (3),3.1–3.5,Sporadically (no fixed schedule),>75%,Sometimes,">100,000",No,">10,000 BDT","Yes, Daily",2,1,Low Risk
2025-05-26 12:22:07.281,24+,Male,Masters,Public University,"Urban area (e.g., Dhaka, Chittagong, Sylhet)",Home or Hostels,5–6 hours,"Yes, Part-time/Full-time Job",1–2 times/week,30–60 minutes,3,Yes - Quiet (4),>3.5,Sporadically (no fixed schedule),>75%,Sometimes,"50,001–100,000",No,No personal income,"Yes, Rarely",4,1,Low Risk
2025-05-26 12:27:25.240,24+,Male,Masters,Public University,"Urban area (e.g., Dhaka, Chittagong, Sylhet)",Home or Hostels,7–8 hours,"Yes, Part-time/Full-time Job",Never,>1 hour,5,Yes - Moderate noise (3),3.1–3.5,Sporadically (no fixed schedule),>75%,Often,">100,000",No,">10,000 BDT","Yes, Daily",3,1,Low Risk
2025-05-26 14:10:49.056,24+,Male,Masters,Public University,"Urban area (e.g., Dhaka, Chittagong, Sylhet)",Home or Hostels,7–8 hours,"Yes, Tuition/Coaching",1–2 times/week,>1 hour,4,Yes - Quiet (4),3.1–3.5,Only before exams,>75%,Never,"50,001–100,000",No,">10,000 BDT","Yes, Daily",2,1,Low Risk
2025-05-26 14:53:23.756,24+,Male,Masters,Public University,"Suburban area (e.g., Gazipur, Savar, Tongi)",Home or Hostels,5–6 hours,"Yes, Part-time/Full-time Job",Never,<30 minutes,3,Yes - Very noisy (1),3.1–3.5,Only before exams,>75%,Often,"20,000–50,000",No,">10,000 BDT",No access,1,1,Low Risk
2025-05-26 15:03:41.772,21–23,Female,Masters,Public University,"Urban area (e.g., Dhaka, Chittagong, Sylhet)",Home or Hostels,5–6 hours,"Yes, Tuition/Coaching",Never,>1 hour,3,Yes - Moderate noise (3),>3.5,Sporadically (no fixed schedule),>75%,Often,"20,000–50,000","Yes, University Merit-Based","5,000–10,000 BDT",No access,3,3,Moderate Risk
2025-05-26 15:05:26.392,24+,Female,Masters,Public University,"Urban area (e.g., Dhaka, Chittagong, Sylhet)",Home or Hostels,5–6 hours,"Yes, Tuition/Coaching",Never,>1 hour,3,Yes - Moderate noise (3),>3.5,Sporadically (no fixed schedule),>75%,Often,"20,000–50,000","Yes, University Merit-Based","5,000–10,000 BDT",No access,4,3,Moderate Risk
2025-05-26 15:59:45.705,24+,Male,Undergraduate (Year 1),Private University,"Suburban area (e.g., Gazipur, Savar, Tongi)",Home or Hostels,7–8 hours,No,Never,>1 hour,5,No dedicated study space,2.5–3.0,Only before exams,>75%,Never,"20,000–50,000",No,">10,000 BDT","Yes, Weekly",3,3,Moderate Risk
2025-05-26 18:26:03.148,21–23,Male,Undergraduate (Year 1),Public University,"Rural area (e.g., village, upazila outside major cities)",University Residence (Halls),<5 hours,No,3–4 times/week,30–60 minutes,2,Yes - Very noisy (1),>3.5,Sporadically (no fixed schedule),>75%,Rarely,"<20,000",No,"<5,000 BDT",No access,3,1,Low Risk
2025-05-26 18:41:56.295,17–20,Female,Undergraduate (Year 1),Public University,"Urban area (e.g., Dhaka, Chittagong, Sylhet)",Home or Hostels,5–6 hours,"Yes, Freelancing (e.g., online work)",1–2 times/week,>1 hour,5,No dedicated study space,3.1–3.5,"Regularly throughout the course (e.g., weekly)",>75%,Always,"<20,000","Yes, Government Scholarship",No personal income,"Yes, Daily",2,1,Low Risk
2025-05-26 19:05:09.730,21–23,Female,Undergraduate (Year 1),Public University,"Urban area (e.g., Dhaka, Chittagong, Sylhet)",Home or Hostels,5–6 hours,"Yes, Tuition/Coaching",1–2 times/week,30–60 minutes,3,Yes - Quiet (4),3.1–3.5,"Regularly throughout the course (e.g., weekly)",>75%,Sometimes,"20,000–50,000","Yes, Government Scholarship","5,000–10,000 BDT","Yes, Rarely",3,1,Low Risk
2025-05-26 19:12:27.961,24+,Female,Masters,Public University,"Urban area (e.g., Dhaka, Chittagong, Sylhet)",University Residence (Halls),5–6 hours,No,Daily,<30 minutes,3,Yes - Moderate noise (3),2.5–3.0,Sporadically (no fixed schedule),>75%,Sometimes,"50,001–100,000",No,No personal income,"Yes, Daily",2,3,Moderate Risk
2025-05-26 19:30:12.091,17–20,Male,Undergraduate (Year 1),Public University,"Rural area (e.g., village, upazila outside major cities)",University Residence (Halls),7–8 hours,No,1–2 times/week,<30 minutes,4,Yes - Quiet (4),>3.5,Only before exams,>75%,Sometimes,"20,000–50,000",No,No personal income,"Yes, Rarely",3,3,Moderate Risk
2025-05-26 20:13:25.774,17–20,Male,Undergraduate (Year 1),Public University,"Rural area (e.g., village, upazila outside major cities)",University Residence (Halls),<5 hours,"Yes, Tuition/Coaching",Daily,<30 minutes,3,Yes - Moderate noise (3),3.1–3.5,Sporadically (no fixed schedule),>75%,Always,"20,000–50,000",No,"<5,000 BDT","Yes, Weekly",3,1,Low Risk
2025-05-26 20:25:56.094,21–23,Male,Undergraduate (Year 2–4),Public University,"Rural area (e.g., village, upazila outside major cities)",University Residence (Halls),5–6 hours,"Yes, Tuition/Coaching",Never,<30 minutes,3,Yes - Noisy (2),>3.5,"Regularly throughout the course (e.g., weekly)",>75%,Sometimes,"20,000–50,000",No,"5,000–10,000 BDT","Yes, Rarely",2,4,High Risk
2025-05-26 20:50:21.113,17–20,Female,Undergraduate (Year 1),Public University,"Rural area (e.g., village, upazila outside major cities)",Home or Hostels,5–6 hours,No,1–2 times/week,<30 minutes,3,Yes - Noisy (2),3.1–3.5,Sporadically (no fixed schedule),>75%,Often,"20,000–50,000","Yes, Government Scholarship",No personal income,"Yes, Weekly",2,1,Low Risk
2025-05-26 21:02:45.668,17–20,Female,Undergraduate (Year 1),Public University,"Urban area (e.g., Dhaka, Chittagong, Sylhet)",Home or Hostels,7–8 hours,No,Never,30–60 minutes,4,Yes - Moderate noise (3),>3.5,Sporadically (no fixed schedule),>75%,Often,"50,001–100,000",No,No personal income,No access,3,1,Low Risk
2025-05-26 21:14:05.479,17–20,Female,Undergraduate (Year 1),Public University,"Rural area (e.g., village, upazila outside major cities)",Home or Hostels,7–8 hours,No,Daily,<30 minutes,3,No dedicated study space,>3.5,Sporadically (no fixed schedule),>75%,Sometimes,"20,000–50,000","Yes, Government Scholarship",No personal income,No access,3,1,Low Risk
2025-05-26 21:18:16.088,21–23,Female,Undergraduate (Year 1),Public University,"Urban area (e.g., Dhaka, Chittagong, Sylhet)",Home or Hostels,7–8 hours,"Yes, Tuition/Coaching",Never,30–60 minutes,2,No dedicated study space,3.1–3.5,Sporadically (no fixed schedule),50–75%,Always,"<20,000",No,"5,000–10,000 BDT","Yes, Daily",1,3,Moderate Risk
2025-05-26 21:38:11.968,21–23,Male,Undergraduate (Year 1),Public University,"Urban area (e.g., Dhaka, Chittagong, Sylhet)",Home or Hostels,5–6 hours,No,Never,<30 minutes,5,Yes - Very quiet (5),3.1–3.5,Only before exams,50–75%,Never,"50,001–100,000",No,No personal income,"Yes, Daily",1,1,Low Risk
2025-05-26 21:40:40.187,17–20,Female,Undergraduate (Year 1),Public University,"Urban area (e.g., Dhaka, Chittagong, Sylhet)",Home or Hostels,5–6 hours,No,Daily,>1 hour,4,Yes - Moderate noise (3),>3.5,"Regularly throughout the course (e.g., weekly)",>75%,Always,"20,000–50,000",No,No personal income,"Yes, Daily",2,1,Low Risk
2025-05-26 22:05:27.766,21–23,Female,Undergraduate (Year 1),Public University,"Urban area (e.g., Dhaka, Chittagong, Sylhet)",University Residence (Halls),5–6 hours,No,3–4 times/week,<30 minutes,4,Yes - Quiet (4),>3.5,Sporadically (no fixed schedule),>75%,Often,"50,001–100,000",No,No personal income,"Yes, Daily",4,3,Moderate Risk
2025-05-26 22:07:17.205,24+,Female,Masters,Public University,"Rural area (e.g., village, upazila outside major cities)",University Residence (Halls),7–8 hours,"Yes, Tuition/Coaching",Daily,<30 minutes,3,Yes - Quiet (4),>3.5,Only before exams,>75%,Often,"50,001–100,000","Yes, University Merit-Based","<5,000 BDT","Yes, Daily",3,3,Moderate Risk
2025-05-26 22:19:41.790,17–20,Female,Undergraduate (Year 1),Public University,"Urban area (e.g., Dhaka, Chittagong, Sylhet)",Home or Hostels,5–6 hours,No,Daily,>1 hour,3,Yes - Quiet (4),>3.5,Sporadically (no fixed schedule),>75%,Often,"50,001–100,000",No,No personal income,No access,1,3,Moderate Risk
2025-05-26 22:26:23.357,21–23,Female,Undergraduate (Year 1),Public University,"Urban area (e.g., Dhaka, Chittagong, Sylhet)",University Residence (Halls),5–6 hours,"Yes, Tuition/Coaching",1–2 times/week,>1 hour,1,Yes - Quiet (4),3.1–3.5,Sporadically (no fixed schedule),50–75%,Sometimes,"<20,000",No,"<5,000 BDT","Yes, Rarely",2,5,High Risk
2025-05-26 22:40:55.191,21–23,Male,Undergraduate (Year 1),Public University,"Urban area (e.g., Dhaka, Chittagong, Sylhet)",Home or Hostels,5–6 hours,"Yes, Tuition/Coaching",1–2 times/week,>1 hour,3,No dedicated study space,3.1–3.5,"Regularly throughout the course (e.g., weekly)",50–75%,Sometimes,"<20,000","Yes, Government Scholarship","5,000–10,000 BDT","Yes, Daily",1,3,Moderate Risk
2025-05-26 23:43:45.369,21–23,Male,Undergraduate (Year 1),Public University,"Rural area (e.g., village, upazila outside major cities)",Home or Hostels,7–8 hours,No,3–4 times/week,30–60 minutes,2,Yes - Very quiet (5),3.1–3.5,Only before exams,50–75%,Often,"<20,000","Yes, Government Scholarship",No personal income,"Yes, Rarely",3,3,Moderate Risk
2025-05-27 00:19:24.238,24+,Female,Masters,Public University,"Rural area (e.g., village, upazila outside major cities)",University Residence (Halls),5–6 hours,"Yes, Part-time/Full-time Job",3–4 times/week,<30 minutes,3,Yes - Moderate noise (3),>3.5,Sporadically (no fixed schedule),50–75%,Sometimes,"50,001–100,000",No,"<5,000 BDT","Yes, Rarely",3,3,Moderate Risk
2025-05-27 01:21:59.679,24+,Male,Masters,National University / Affiliated College,"Rural area (e.g., village, upazila outside major cities)",Home or Hostels,7–8 hours,"Yes, Tuition/Coaching",Never,30–60 minutes,3,Yes - Noisy (2),3.1–3.5,Sporadically (no fixed schedule),<50%,Sometimes,"20,000–50,000",No,"5,000–10,000 BDT",No access,2,1,Low Risk
2025-05-27 02:07:06.856,24+,Female,Masters,Public University,"Urban area (e.g., Dhaka, Chittagong, Sylhet)",University Residence (Halls),5–6 hours,"Yes, Tuition/Coaching",1–2 times/week,30–60 minutes,3,Yes - Moderate noise (3),3.1–3.5,Sporadically (no fixed schedule),50–75%,Often,"20,000–50,000",No,"5,000–10,000 BDT","Yes, Rarely",3,4,High Risk
2025-05-27 13:09:10.510,17–20,Female,Undergraduate (Year 1),Public University,"Urban area (e.g., Dhaka, Chittagong, Sylhet)",Home or Hostels,5–6 hours,"Yes, Tuition/Coaching",1–2 times/week,30–60 minutes,3,Yes - Noisy (2),>3.5,Sporadically (no fixed schedule),>75%,Often,"20,000–50,000",No,"<5,000 BDT","Yes, Rarely",3,3,Moderate Risk
2025-05-27 22:55:27.598,17–20,Male,Undergraduate (Year 1),Private University,"Urban area (e.g., Dhaka, Chittagong, Sylhet)",Home or Hostels,5–6 hours,"Yes, Tuition/Coaching",3–4 times/week,>1 hour,4,Yes - Quiet (4),>3.5,Sporadically (no fixed schedule),>75%,Sometimes,"20,000–50,000","Yes, University Merit-Based","5,000–10,000 BDT","Yes, Daily",4,1,Low Risk
2025-05-28 14:53:53.849,24+,Female,Masters,Public University,"Urban area (e.g., Dhaka, Chittagong, Sylhet)",Home or Hostels,5–6 hours,No,1–2 times/week,>1 hour,3,Yes - Quiet (4),2.5–3.0,Sporadically (no fixed schedule),>75%,Sometimes,"20,000–50,000",No,No personal income,"Yes, Rarely",2,2,Low Risk
2025-05-28 16:34:18.661,21–23,Male,Undergraduate (Year 2–4),Public University,"Rural area (e.g., village, upazila outside major cities)",University Residence (Halls),5–6 hours,No,Never,<30 minutes,3,Yes - Quiet (4),2.5–3.0,Only before exams,50–75%,Sometimes,"20,000–50,000",No,No personal income,"Yes, Rarely",2,3,Moderate Risk
2025-06-01 20:16:11.634,21–23,Female,Undergraduate (Year 1),Private University,"Urban area (e.g., Dhaka, Chittagong, Sylhet)",Home or Hostels,7–8 hours,No,3–4 times/week,<30 minutes,4,Yes - Quiet (4),3.1–3.5,Sporadically (no fixed schedule),>75%,Sometimes,"50,001–100,000","Yes, University Merit-Based",No personal income,No access,4,1,Low Risk
2025-06-01 20:24:02.950,21–23,Male,Undergraduate (Year 1),Public University,"Rural area (e.g., village, upazila outside major cities)",Home or Hostels,5–6 hours,"Yes, Tuition/Coaching",1–2 times/week,>1 hour,3,Yes - Quiet (4),2.5–3.0,Only before exams,<50%,Always,"<20,000","Yes, Government Scholarship",No personal income,No access,3,3,Moderate Risk
2025-06-01 20:31:43.377,21–23,Female,Undergraduate (Year 1),National University / Affiliated College,"Rural area (e.g., village, upazila outside major cities)",Home or Hostels,5–6 hours,No,3–4 times/week,<30 minutes,3,Yes - Quiet (4),>3.5,Sporadically (no fixed schedule),50–75%,Often,"<20,000",No,No personal income,No access,3,3,Moderate Risk
2025-06-01 20:43:18.369,17–20,Female,Undergraduate (Year 1),National University / Affiliated College,"Urban area (e.g., Dhaka, Chittagong, Sylhet)",Home or Hostels,7–8 hours,"Yes, Tuition/Coaching",Never,30–60 minutes,4,Yes - Noisy (2),2.5–3.0,Sporadically (no fixed schedule),50–75%,Sometimes,"20,000–50,000",No,"<5,000 BDT",No access,3,1,Low Risk
2025-06-01 21:00:03.207,21–23,Male,Undergraduate (Year 1),Public University,"Rural area (e.g., village, upazila outside major cities)",Home or Hostels,5–6 hours,"Yes, Tuition/Coaching",3–4 times/week,30–60 minutes,3,Yes - Moderate noise (3),3.1–3.5,"Regularly throughout the course (e.g., weekly)",50–75%,Sometimes,"20,000–50,000","Yes, Private/Donor-Funded","5,000–10,000 BDT","Yes, Weekly",3,3,Moderate Risk
2025-06-01 21:00:20.477,21–23,Male,Undergraduate (Year 1),Public University,"Suburban area (e.g., Gazipur, Savar, Tongi)",Home or Hostels,7–8 hours,"Yes, Tuition/Coaching",1–2 times/week,<30 minutes,3,Yes - Very noisy (1),3.1–3.5,"Regularly throughout the course (e.g., weekly)",>75%,Always,"<20,000",No,"<5,000 BDT","Yes, Daily",1,5,High Risk
2025-06-01 21:11:52.458,21–23,Male,Undergraduate (Year 1),Public University,"Urban area (e.g., Dhaka, Chittagong, Sylhet)",Home or Hostels,7–8 hours,No,Never,>1 hour,4,Yes - Quiet (4),3.1–3.5,Sporadically (no fixed schedule),>75%,Often,"20,000–50,000",No,No personal income,"Yes, Daily",3,1,Low Risk
2025-06-01 21:32:49.649,17–20,Female,Undergraduate (Year 1),National University / Affiliated College,"Rural area (e.g., village, upazila outside major cities)",Home or Hostels,7–8 hours,"Yes, Tuition/Coaching",1–2 times/week,30–60 minutes,2,Yes - Moderate noise (3),>3.5,Only before exams,<50%,Sometimes,"<20,000",No,"<5,000 BDT",No access,3,3,Moderate Risk
2025-06-01 21:42:19.291,21–23,Male,Undergraduate (Year 1),Public University,"Suburban area (e.g., Gazipur, Savar, Tongi)",Home or Hostels,5–6 hours,No,1–2 times/week,>1 hour,3,Yes - Moderate noise (3),3.1–3.5,"Regularly throughout the course (e.g., weekly)",>75%,Sometimes,"50,001–100,000",No,No personal income,"Yes, Rarely",3,3,Moderate Risk
2025-06-01 22:18:18.048,21–23,Male,Undergraduate (Year 1),Public University,"Urban area (e.g., Dhaka, Chittagong, Sylhet)",Home or Hostels,5–6 hours,No,Never,30–60 minutes,3,Yes - Moderate noise (3),>3.5,Only before exams,>75%,Sometimes,"20,000–50,000","Yes, Government Scholarship",No personal income,"Yes, Daily",2,3,Moderate Risk
2025-06-01 23:41:10.787,24+,Female,Undergraduate (Year 2–4),Public University,"Urban area (e.g., Dhaka, Chittagong, Sylhet)",Home or Hostels,7–8 hours,"Yes, Part-time/Full-time Job",1–2 times/week,<30 minutes,4,Yes - Quiet (4),>3.5,Sporadically (no fixed schedule),>75%,Often,"50,001–100,000","Yes, University Merit-Based",">10,000 BDT","Yes, Rarely",4,4,High Risk
2025-06-01 23:45:23.400,21–23,Female,Undergraduate (Year 2–4),Public University,"Urban area (e.g., Dhaka, Chittagong, Sylhet)",University Residence (Halls),7–8 hours,"Yes, Tuition/Coaching",1–2 times/week,30–60 minutes,4,Yes - Quiet (4),>3.5,"Regularly throughout the course (e.g., weekly)",>75%,Sometimes,"50,001–100,000","Yes, Government Scholarship","5,000–10,000 BDT","Yes, Rarely",2,4,High Risk
2025-06-02 10:33:53.572,24+,Male,Masters,Public University,"Rural area (e.g., village, upazila outside major cities)",University Residence (Halls),5–6 hours,"Yes, Freelancing (e.g., online work)",1–2 times/week,<30 minutes,4,Yes - Noisy (2),3.1–3.5,Sporadically (no fixed schedule),50–75%,Sometimes,"20,000–50,000",No,"5,000–10,000 BDT",No access,3,4,High Risk
2025-06-02 10:38:26.392,21–23,Female,Masters,National University / Affiliated College,"Urban area (e.g., Dhaka, Chittagong, Sylhet)",Home or Hostels,5–6 hours,"Yes, Tuition/Coaching",3–4 times/week,>1 hour,3,Yes - Noisy (2),<2.5,Only before exams,<50%,Often,"<20,000",No,No personal income,"Yes, Daily",3,1,Low Risk
2025-06-02 10:39:55.128,17–20,Male,Undergraduate (Year 1),Public University,"Urban area (e.g., Dhaka, Chittagong, Sylhet)",University Residence (Halls),<5 hours,"Yes, Tuition/Coaching",Never,<30 minutes,1,No dedicated study space,>3.5,Only before exams,>75%,Sometimes,"20,000–50,000","Yes, University Merit-Based","<5,000 BDT","Yes, Rarely",3,1,Low Risk
2025-06-02 10:40:45.088,17–20,Female,Undergraduate (Year 1),Public University,"Rural area (e.g., village, upazila outside major cities)",University Residence (Halls),5–6 hours,"Yes, Tuition/Coaching",3–4 times/week,<30 minutes,3,Yes - Moderate noise (3),3.1–3.5,Sporadically (no fixed schedule),50–75%,Often,"20,000–50,000",No,"5,000–10,000 BDT",No access,4,4,High Risk
2025-06-02 10:40:55.681,17–20,Male,Undergraduate (Year 1),Public University,"Urban area (e.g., Dhaka, Chittagong, Sylhet)",University Residence (Halls),<5 hours,No,Never,<30 minutes,1,No dedicated study space,<2.5,Only before exams,<50%,Never,"<20,000",No,No personal income,No access,1,1,Low Risk
2025-06-02 10:42:11.264,24+,Female,Masters,Public University,"Suburban area (e.g., Gazipur, Savar, Tongi)",Home or Hostels,>8 hours,"Yes, Part-time/Full-time Job",Daily,>1 hour,5,Yes - Very quiet (5),>3.5,Sporadically (no fixed schedule),>75%,Always,">100,000","Yes, Private/Donor-Funded",">10,000 BDT","Yes, Rarely",5,5,High Risk
2025-06-02 10:43:12.675,21–23,Male,Undergraduate (Year 2–4),Private University,"Rural area (e.g., village, upazila outside major cities)",University Residence (Halls),5–6 hours,"Yes, Tuition/Coaching",1–2 times/week,30–60 minutes,3,Yes - Very quiet (5),3.1–3.5,"Regularly throughout the course (e.g., weekly)",50–75%,Sometimes,"50,001–100,000","Yes, University Merit-Based","5,000–10,000 BDT",No access,5,3,Moderate Risk
2025-06-02 10:59:04.059,21–23,Female,Undergraduate (Year 2–4),Private University,"Urban area (e.g., Dhaka, Chittagong, Sylhet)",Home or Hostels,<5 hours,"Yes, Part-time/Full-time Job",Daily,<30 minutes,5,Yes - Quiet (4),>3.5,Sporadically (no fixed schedule),>75%,Often,"50,001–100,000","Yes, University Merit-Based",">10,000 BDT","Yes, Daily",3,1,Low Risk
2025-06-02 13:28:06.905,21–23,Female,Undergraduate (Year 2–4),Private University,"Urban area (e.g., Dhaka, Chittagong, Sylhet)",Home or Hostels,5–6 hours,No,Never,>1 hour,5,Yes - Quiet (4),>3.5,Sporadically (no fixed schedule),>75%,Always,"50,001–100,000",No,No personal income,"Yes, Daily",3,3,Moderate Risk
2025-06-02 15:38:44.997,24+,Female,Masters,Public University,"Urban area (e.g., Dhaka, Chittagong, Sylhet)",Home or Hostels,<5 hours,No,1–2 times/week,30–60 minutes,4,Yes - Quiet (4),>3.5,Only before exams,<50%,Often,"50,001–100,000","Yes, University Merit-Based",No personal income,No access,3,5,High Risk
2025-06-14 08:22:27.743,24+,Male,Masters,Public University,"Suburban area (e.g., Gazipur, Savar, Tongi)",Home or Hostels,5–6 hours,"Yes, Tuition/Coaching",1–2 times/week,30–60 minutes,2,Yes - Very noisy (1),2.5–3.0,"Regularly throughout the course (e.g., weekly)",50–75%,Sometimes,"20,000–50,000","Yes, Government Scholarship","<5,000 BDT","Yes, Daily",3,2,Low Risk
2025-06-14 08:23:44.115,17–20,Female,Undergraduate (Year 1),Public University,"Urban area (e.g., Dhaka, Chittagong, Sylhet)",Home or Hostels,<5 hours,No,1–2 times/week,>1 hour,1,No dedicated study space,2.5–3.0,Sporadically (no fixed schedule),50–75%,Often,">100,000","Yes, University Merit-Based","5,000–10,000 BDT","Yes, Weekly",4,3,Moderate Risk
2025-06-14 08:24:43.559,24+,Female,Masters,National University / Affiliated College,"Rural area (e.g., village, upazila outside major cities)",Home or Hostels,5–6 hours,"Yes, Freelancing (e.g., online work)",3–4 times/week,>1 hour,3,Yes - Very noisy (1),3.1–3.5,"Regularly throughout the course (e.g., weekly)",>75%,Sometimes,"20,000–50,000","Yes, University Merit-Based","<5,000 BDT","Yes, Weekly",3,4,High Risk
2025-06-14 08:25:51.257,21–23,Female,Undergraduate (Year 2–4),Private University,"Urban area (e.g., Dhaka, Chittagong, Sylhet)",Home or Hostels,7–8 hours,"Yes, Tuition/Coaching",3–4 times/week,30–60 minutes,3,Yes - Moderate noise (3),>3.5,Sporadically (no fixed schedule),50–75%,Often,"50,001–100,000","Yes, University Merit-Based","5,000–10,000 BDT","Yes, Weekly",3,4,High Risk
2025-06-14 08:26:49.949,21–23,Male,Undergraduate (Year 2–4),Private University,"Rural area (e.g., village, upazila outside major cities)",Home or Hostels,5–6 hours,"Yes, Freelancing (e.g., online work)",1–2 times/week,30–60 minutes,3,Yes - Very noisy (1),2.5–3.0,Only before exams,>75%,Always,"50,001–100,000",No,"5,000–10,000 BDT","Yes, Rarely",3,4,High Risk
2025-06-14 08:28:12.592,21–23,Male,Undergraduate (Year 2–4),Private University,"Rural area (e.g., village, upazila outside major cities)",University Residence (Halls),7–8 hours,"Yes, Freelancing (e.g., online work)",3–4 times/week,<30 minutes,1,Yes - Moderate noise (3),2.5–3.0,Sporadically (no fixed schedule),50–75%,Rarely,"<20,000","Yes, Government Scholarship","<5,000 BDT","Yes, Rarely",3,3,Moderate Risk
2025-06-14 08:29:21.325,17–20,Female,Undergraduate (Year 1),Private University,"Urban area (e.g., Dhaka, Chittagong, Sylhet)",Home or Hostels,<5 hours,No,1–2 times/week,<30 minutes,3,Yes - Very noisy (1),2.5–3.0,"Regularly throughout the course (e.g., weekly)",50–75%,Rarely,">100,000",No,No personal income,"Yes, Daily",5,1,Low Risk
2025-06-14 08:30:54.397,17–20,Female,Undergraduate (Year 2–4),Private University,"Suburban area (e.g., Gazipur, Savar, Tongi)",Home or Hostels,5–6 hours,"Yes, Tuition/Coaching",Daily,<30 minutes,5,Yes - Quiet (4),>3.5,"Regularly throughout the course (e.g., weekly)",50–75%,Rarely,">100,000",No,">10,000 BDT","Yes, Weekly",4,2,Low Risk
2025-06-14 08:32:22.800,17–20,Female,Undergraduate (Year 1),Public University,"Rural area (e.g., village, upazila outside major cities)",University Residence (Halls),<5 hours,"Yes, Freelancing (e.g., online work)",Daily,<30 minutes,1,Yes - Very noisy (1),>3.5,"Regularly throughout the course (e.g., weekly)",50–75%,Sometimes,"50,001–100,000","Yes, Government Scholarship",">10,000 BDT","Yes, Rarely",1,1,Low Risk
2025-06-14 08:34:18.136,24+,Female,Undergraduate (Year 2–4),Private University,"Rural area (e.g., village, upazila outside major cities)",Home or Hostels,5–6 hours,"Yes, Freelancing (e.g., online work)",3–4 times/week,30–60 minutes,3,Yes - Moderate noise (3),3.1–3.5,"Regularly throughout the course (e.g., weekly)",>75%,Sometimes,"50,001–100,000","Yes, University Merit-Based","5,000–10,000 BDT","Yes, Daily",3,2,Low Risk
2025-06-14 08:35:28.235,21–23,Male,Undergraduate (Year 2–4),Private University,"Urban area (e.g., Dhaka, Chittagong, Sylhet)",Home or Hostels,5–6 hours,"Yes, Part-time/Full-time Job",1–2 times/week,>1 hour,3,Yes - Quiet (4),>3.5,Sporadically (no fixed schedule),50–75%,Never,">100,000",No,">10,000 BDT","Yes, Weekly",4,2,Low Risk
2025-06-15 23:33:25.882,21–23,Male,Undergraduate (Year 2–4),Private University,"Rural area (e.g., village, upazila outside major cities)",Home or Hostels,7–8 hours,"Yes, Tuition/Coaching",3–4 times/week,30–60 minutes,3,Yes - Very noisy (1),2.5–3.0,"Regularly throughout the course (e.g., weekly)",>75%,Sometimes,"50,001–100,000","Yes, Private/Donor-Funded","5,000–10,000 BDT","Yes, Weekly",3,2,Low Risk
2025-06-15 23:33:36.968,21–23,Female,Masters,Private University,"Rural area (e.g., village, upazila outside major cities)",Home or Hostels,7–8 hours,"Yes, Tuition/Coaching",1–2 times/week,<30 minutes,1,No dedicated study space,2.5–3.0,"Regularly throughout the course (e.g., weekly)",<50%,Rarely,"50,001–100,000","Yes, Government Scholarship","<5,000 BDT","Yes, Daily",3,3,Moderate Risk
2025-06-15 23:34:18.611,24+,Female,Masters,Private University,"Rural area (e.g., village, upazila outside major cities)",Home or Hostels,7–8 hours,"Yes, Part-time/Full-time Job",3–4 times/week,30–60 minutes,4,Yes - Noisy (2),3.1–3.5,Sporadically (no fixed schedule),>75%,Sometimes,">100,000","Yes, University Merit-Based","<5,000 BDT","Yes, Rarely",4,4,High Risk
2025-06-15 23:34:35.495,21–23,Male,Undergraduate (Year 2–4),Private University,"Suburban area (e.g., Gazipur, Savar, Tongi)",Home or Hostels,5–6 hours,"Yes, Freelancing (e.g., online work)",3–4 times/week,30–60 minutes,3,Yes - Moderate noise (3),3.1–3.5,Sporadically (no fixed schedule),>75%,Often,">100,000","Yes, Private/Donor-Funded","<5,000 BDT","Yes, Daily",3,5,High Risk
2025-06-15 23:34:47.245,24+,Female,Masters,Public University,"Urban area (e.g., Dhaka, Chittagong, Sylhet)",University Residence (Halls),7–8 hours,"Yes, Part-time/Full-time Job",Daily,<30 minutes,3,Yes - Moderate noise (3),2.5–3.0,Only before exams,50–75%,Sometimes,"50,001–100,000",No,">10,000 BDT",No access,2,4,High Risk
2025-06-15 23:35:06.606,21–23,Female,Masters,Private University,"Rural area (e.g., village, upazila outside major cities)",Home or Hostels,>8 hours,No,Never,30–60 minutes,3,No dedicated study space,<2.5,"Regularly throughout the course (e.g., weekly)",<50%,Rarely,"50,001–100,000","Yes, University Merit-Based","5,000–10,000 BDT","Yes, Weekly",3,1,Low Risk
2025-06-15 23:35:29.341,21–23,Female,Undergraduate (Year 2–4),Private University,"Rural area (e.g., village, upazila outside major cities)",Home or Hostels,>8 hours,"Yes, Part-time/Full-time Job",3–4 times/week,30–60 minutes,4,Yes - Quiet (4),3.1–3.5,"Regularly throughout the course (e.g., weekly)",50–75%,Sometimes,"20,000–50,000","Yes, University Merit-Based",No personal income,"Yes, Daily",3,1,Low Risk
2025-06-15 23:35:42.018,24+,Female,Masters,Public University,"Urban area (e.g., Dhaka, Chittagong, Sylhet)",University Residence (Halls),<5 hours,No,Never,<30 minutes,1,No dedicated study space,2.5–3.0,Only before exams,50–75%,Sometimes,"<20,000",No,No personal income,No access,1,1,Low Risk
2025-06-15 23:35:55.136,21–23,Female,Masters,National University / Affiliated College,"Rural area (e.g., village, upazila outside major cities)",University Residence (Halls),<5 hours,"Yes, Part-time/Full-time Job",3–4 times/week,<30 minutes,4,Yes - Moderate noise (3),>3.5,Sporadically (no fixed schedule),>75%,Sometimes,"50,001–100,000","Yes, Private/Donor-Funded","5,000–10,000 BDT","Yes, Weekly",5,4,High Risk
2025-06-15 23:36:22.144,21–23,Male,Undergraduate (Year 1),Private University,"Urban area (e.g., Dhaka, Chittagong, Sylhet)",University Residence (Halls),<5 hours,No,Never,30–60 minutes,2,Yes - Noisy (2),3.1–3.5,"Regularly throughout the course (e.g., weekly)",>75%,Sometimes,"20,000–50,000","Yes, Government Scholarship","<5,000 BDT","Yes, Daily",3,3,Moderate Risk
2025-06-15 23:36:37.163,17–20,Female,Undergraduate (Year 1),National University / Affiliated College,"Rural area (e.g., village, upazila outside major cities)",Home or Hostels,<5 hours,"Yes, Tuition/Coaching",1–2 times/week,30–60 minutes,3,Yes - Noisy (2),>3.5,"Regularly throughout the course (e.g., weekly)",>75%,Sometimes,"50,001–100,000","Yes, University Merit-Based","5,000–10,000 BDT","Yes, Weekly",4,5,High Risk
2025-06-15 23:37:23.428,24+,Female,Masters,National University / Affiliated College,"Suburban area (e.g., Gazipur, Savar, Tongi)",Home or Hostels,5–6 hours,"Yes, Tuition/Coaching",3–4 times/week,>1 hour,4,No dedicated study space,<2.5,Only before exams,50–75%,Rarely,"50,001–100,000","Yes, University Merit-Based","<5,000 BDT",No access,2,5,High Risk
2025-06-15 23:37:25.056,24+,Male,Masters,Public University,"Urban area (e.g., Dhaka, Chittagong, Sylhet)",University Residence (Halls),7–8 hours,"Yes, Tuition/Coaching",1–2 times/week,30–60 minutes,3,Yes - Very quiet (5),>3.5,Sporadically (no fixed schedule),>75%,Always,">100,000","Yes, Private/Donor-Funded","5,000–10,000 BDT","Yes, Weekly",5,5,High Risk
2025-06-15 23:38:04.797,24+,Male,Undergraduate (Year 1),Public University,"Urban area (e.g., Dhaka, Chittagong, Sylhet)",University Residence (Halls),>8 hours,No,Never,<30 minutes,1,No dedicated study space,3.1–3.5,Only before exams,50–75%,Sometimes,">100,000","Yes, University Merit-Based","5,000–10,000 BDT","Yes, Rarely",4,1,Low Risk
2025-06-15 23:38:18.299,21–23,Female,Masters,Private University,"Rural area (e.g., village, upazila outside major cities)",Home or Hostels,<5 hours,No,Never,<30 minutes,2,Yes - Very noisy (1),<2.5,Only before exams,<50%,Always,"<20,000",No,No personal income,No access,1,5,High Risk
2025-06-15 23:39:04.468,21–23,Female,Undergraduate (Year 2–4),Private University,"Rural area (e.g., village, upazila outside major cities)",University Residence (Halls),7–8 hours,"Yes, Freelancing (e.g., online work)",3–4 times/week,30–60 minutes,2,Yes - Very noisy (1),2.5–3.0,Only before exams,<50%,Rarely,"20,000–50,000","Yes, University Merit-Based","<5,000 BDT","Yes, Weekly",2,5,High Risk
2025-06-15 23:39:15.282,17–20,Female,Undergraduate (Year 1),Public University,"Urban area (e.g., Dhaka, Chittagong, Sylhet)",University Residence (Halls),7–8 hours,"Yes, Tuition/Coaching",Daily,<30 minutes,1,No dedicated study space,<2.5,Only before exams,<50%,Always,"<20,000","Yes, Government Scholarship",No personal income,No access,1,5,High Risk
2025-06-15 23:39:25.863,24+,Female,Undergraduate (Year 1),Public University,"Urban area (e.g., Dhaka, Chittagong, Sylhet)",University Residence (Halls),>8 hours,"Yes, Tuition/Coaching",1–2 times/week,<30 minutes,1,Yes - Very noisy (1),2.5–3.0,Only before exams,50–75%,Rarely,"20,000–50,000",No,"5,000–10,000 BDT","Yes, Weekly",4,4,High Risk
2025-06-15 23:39:59.481,21–23,Female,Undergraduate (Year 2–4),Private University,"Rural area (e.g., village, upazila outside major cities)",University Residence (Halls),<5 hours,"Yes, Freelancing (e.g., online work)",1–2 times/week,30–60 minutes,2,No dedicated study space,2.5–3.0,"Regularly throughout the course (e.g., weekly)",50–75%,Rarely,"50,001–100,000","Yes, University Merit-Based",">10,000 BDT","Yes, Weekly",3,4,High Risk
2025-06-15 23:40:07.465,17–20,Male,Undergraduate (Year 1),Public University,"Urban area (e.g., Dhaka, Chittagong, Sylhet)",University Residence (Halls),<5 hours,No,Never,<30 minutes,1,Yes - Moderate noise (3),3.1–3.5,Only before exams,50–75%,Often,"50,001–100,000","Yes, University Merit-Based","5,000–10,000 BDT","Yes, Rarely",4,3,Moderate Risk
2025-06-15 23:41:00.168,17–20,Male,Undergraduate (Year 1),Public University,"Urban area (e.g., Dhaka, Chittagong, Sylhet)",Home or Hostels,<5 hours,"Yes, Part-time/Full-time Job",1–2 times/week,<30 minutes,3,Yes - Very quiet (5),>3.5,"Regularly throughout the course (e.g., weekly)",>75%,Never,">100,000","Yes, Government Scholarship",">10,000 BDT","Yes, Rarely",3,2,Low Risk
2025-06-15 23:41:08.649,24+,Female,Masters,Private University,"Urban area (e.g., Dhaka, Chittagong, Sylhet)",Home or Hostels,<5 hours,No,Never,<30 minutes,3,Yes - Quiet (4),2.5–3.0,Only before exams,<50%,Rarely,"20,000–50,000","Yes, University Merit-Based","<5,000 BDT","Yes, Weekly",3,2,Low Risk
2025-06-15 23:41:43.206,21–23,Male,Undergraduate (Year 2–4),Private University,"Suburban area (e.g., Gazipur, Savar, Tongi)",University Residence (Halls),7–8 hours,"Yes, Part-time/Full-time Job",1–2 times/week,>1 hour,3,Yes - Very noisy (1),3.1–3.5,Sporadically (no fixed schedule),50–75%,Sometimes,">100,000","Yes, University Merit-Based","5,000–10,000 BDT","Yes, Weekly",3,4,High Risk
2025-06-15 23:42:33.920,21–23,Female,Undergraduate (Year 2–4),Private University,"Rural area (e.g., village, upazila outside major cities)",Home or Hostels,7–8 hours,"Yes, Freelancing (e.g., online work)",3–4 times/week,30–60 minutes,3,Yes - Noisy (2),3.1–3.5,"Regularly throughout the course (e.g., weekly)",50–75%,Sometimes,"20,000–50,000","Yes, University Merit-Based","5,000–10,000 BDT","Yes, Weekly",2,4,High Risk
2025-06-15 23:42:58.015,17–20,Male,Undergraduate (Year 1),Public University,"Urban area (e.g., Dhaka, Chittagong, Sylhet)",University Residence (Halls),5–6 hours,No,Never,<30 minutes,1,No dedicated study space,3.1–3.5,Only before exams,50–75%,Rarely,"20,000–50,000","Yes, University Merit-Based","<5,000 BDT","Yes, Weekly",3,2,Low Risk
2025-06-15 23:43:28.593,21–23,Female,Undergraduate (Year 1),Public University,"Urban area (e.g., Dhaka, Chittagong, Sylhet)",Home or Hostels,7–8 hours,"Yes, Freelancing (e.g., online work)",1–2 times/week,30–60 minutes,3,Yes - Very noisy (1),>3.5,Sporadically (no fixed schedule),>75%,Always,">100,000","Yes, Private/Donor-Funded",">10,000 BDT","Yes, Rarely",3,3,Moderate Risk
2025-06-15 23:43:53.210,21–23,Male,Undergraduate (Year 2–4),Public University,"Rural area (e.g., village, upazila outside major cities)",University Residence (Halls),7–8 hours,"Yes, Freelancing (e.g., online work)",3–4 times/week,<30 minutes,3,Yes - Noisy (2),3.1–3.5,Only before exams,50–75%,Rarely,"50,001–100,000","Yes, Government Scholarship","<5,000 BDT","Yes, Weekly",3,4,High Risk
2025-06-15 23:44:19.049,24+,Male,Masters,Private University,"Rural area (e.g., village, upazila outside major cities)",Home or Hostels,>8 hours,"Yes, Freelancing (e.g., online work)",1–2 times/week,>1 hour,3,Yes - Very noisy (1),3.1–3.5,"Regularly throughout the course (e.g., weekly)",50–75%,Sometimes,"50,001–100,000","Yes, Government Scholarship",">10,000 BDT","Yes, Daily",2,5,High Risk
2025-06-15 23:44:23.217,21–23,Male,Undergraduate (Year 2–4),Private University,"Rural area (e.g., village, upazila outside major cities)",Home or Hostels,5–6 hours,"Yes, Freelancing (e.g., online work)",1–2 times/week,30–60 minutes,2,Yes - Quiet (4),3.1–3.5,Sporadically (no fixed schedule),50–75%,Rarely,"50,001–100,000","Yes, Private/Donor-Funded","5,000–10,000 BDT","Yes, Weekly",3,3,Moderate Risk
2025-06-15 23:44:42.574,21–23,Male,Undergraduate (Year 2–4),Private University,"Rural area (e.g., village, upazila outside major cities)",University Residence (Halls),>8 hours,"Yes, Freelancing (e.g., online work)",3–4 times/week,30–60 minutes,3,Yes - Moderate noise (3),3.1–3.5,Sporadically (no fixed schedule),50–75%,Sometimes,">100,000","Yes, University Merit-Based","<5,000 BDT","Yes, Rarely",4,4,High Risk
2025-06-15 23:45:16.054,21–23,Male,Undergraduate (Year 2–4),Public University,"Rural area (e.g., village, upazila outside major cities)",University Residence (Halls),>8 hours,"Yes, Part-time/Full-time Job",3–4 times/week,>1 hour,5,Yes - Very quiet (5),>3.5,Sporadically (no fixed schedule),>75%,Sometimes,">100,000","Yes, Private/Donor-Funded",">10,000 BDT","Yes, Rarely",5,5,High Risk
2025-06-15 23:45:32.944,17–20,Female,Undergraduate (Year 1),Private University,"Rural area (e.g., village, upazila outside major cities)",Home or Hostels,<5 hours,"Yes, Tuition/Coaching",Daily,<30 minutes,1,Yes - Very noisy (1),<2.5,Sporadically (no fixed schedule),>75%,Rarely,"50,001–100,000","Yes, Private/Donor-Funded","5,000–10,000 BDT","Yes, Weekly",3,5,High Risk
2025-06-15 23:46:51.773,21–23,Female,Undergraduate (Year 2–4),National University / Affiliated College,"Rural area (e.g., village, upazila outside major cities)",University Residence (Halls),7–8 hours,"Yes, Freelancing (e.g., online work)",1–2 times/week,30–60 minutes,2,Yes - Moderate noise (3),>3.5,"Regularly throughout the course (e.g., weekly)",50–75%,Rarely,"50,001–100,000","Yes, Government Scholarship","<5,000 BDT","Yes, Rarely",1,3,Moderate Risk
2025-06-15 23:47:44.993,21–23,Female,Undergraduate (Year 2–4),Public University,"Urban area (e.g., Dhaka, Chittagong, Sylhet)",University Residence (Halls),<5 hours,"Yes, Tuition/Coaching",3–4 times/week,30–60 minutes,2,Yes - Moderate noise (3),>3.5,"Regularly throughout the course (e.g., weekly)",>75%,Always,">100,000","Yes, University Merit-Based","5,000–10,000 BDT",No access,1,1,Low Risk
2025-06-15 23:48:32.712,17–20,Male,Undergraduate (Year 1),Public University,"Urban area (e.g., Dhaka, Chittagong, Sylhet)",University Residence (Halls),7–8 hours,"Yes, Freelancing (e.g., online work)",3–4 times/week,30–60 minutes,5,Yes - Moderate noise (3),>3.5,"Regularly throughout the course (e.g., weekly)",>75%,Rarely,"50,001–100,000","Yes, Private/Donor-Funded",">10,000 BDT","Yes, Daily",2,2,Low Risk
2025-06-15 23:48:50.242,21–23,Female,Undergraduate (Year 2–4),Public University,"Suburban area (e.g., Gazipur, Savar, Tongi)",University Residence (Halls),5–6 hours,"Yes, Freelancing (e.g., online work)",1–2 times/week,>1 hour,4,Yes - Noisy (2),3.1–3.5,Sporadically (no fixed schedule),>75%,Sometimes,"20,000–50,000","Yes, Government Scholarship","<5,000 BDT","Yes, Daily",2,2,Low Risk
2025-06-15 23:49:45.787,21–23,Female,Undergraduate (Year 2–4),Public University,"Rural area (e.g., village, upazila outside major cities)",Home or Hostels,<5 hours,"Yes, Tuition/Coaching",1–2 times/week,>1 hour,2,Yes - Moderate noise (3),3.1–3.5,Only before exams,50–75%,Sometimes,"50,001–100,000","Yes, University Merit-Based",">10,000 BDT","Yes, Weekly",3,1,Low Risk
2025-06-15 23:50:33.464,24+,Female,Masters,Private University,"Urban area (e.g., Dhaka, Chittagong, Sylhet)",Home or Hostels,>8 hours,"Yes, Freelancing (e.g., online work)",1–2 times/week,<30 minutes,5,Yes - Moderate noise (3),>3.5,"Regularly throughout the course (e.g., weekly)",50–75%,Sometimes,"50,001–100,000","Yes, University Merit-Based",">10,000 BDT","Yes, Rarely",5,5,High Risk
2025-06-15 23:50:46.538,24+,Female,Undergraduate (Year 2–4),Private University,"Urban area (e.g., Dhaka, Chittagong, Sylhet)",University Residence (Halls),7–8 hours,"Yes, Freelancing (e.g., online work)",1–2 times/week,>1 hour,4,Yes - Very noisy (1),>3.5,Sporadically (no fixed schedule),>75%,Sometimes,">100,000","Yes, University Merit-Based","5,000–10,000 BDT","Yes, Weekly",3,3,Moderate Risk
2025-06-15 23:51:42.546,24+,Female,Undergraduate (Year 2–4),Private University,"Urban area (e.g., Dhaka, Chittagong, Sylhet)",University Residence (Halls),7–8 hours,"Yes, Tuition/Coaching",1–2 times/week,30–60 minutes,3,Yes - Noisy (2),3.1–3.5,"Regularly throughout the course (e.g., weekly)",50–75%,Always,"20,000–50,000","Yes, Private/Donor-Funded",">10,000 BDT","Yes, Weekly",4,5,High Risk
2025-06-15 23:51:55.388,17–20,Female,Masters,Private University,"Urban area (e.g., Dhaka, Chittagong, Sylhet)",University Residence (Halls),7–8 hours,"Yes, Freelancing (e.g., online work)",1–2 times/week,>1 hour,3,Yes - Very noisy (1),3.1–3.5,Sporadically (no fixed schedule),50–75%,Sometimes,">100,000","Yes, University Merit-Based","5,000–10,000 BDT","Yes, Weekly",3,2,Low Risk
2025-06-15 23:52:27.327,24+,Female,Masters,National University / Affiliated College,"Suburban area (e.g., Gazipur, Savar, Tongi)",Home or Hostels,>8 hours,"Yes, Part-time/Full-time Job",Daily,<30 minutes,1,No dedicated study space,<2.5,Only before exams,<50%,Never,"20,000–50,000",No,No personal income,No access,1,1,Low Risk
2025-06-15 23:52:40.468,21–23,Female,Undergraduate (Year 2–4),Private University,"Suburban area (e.g., Gazipur, Savar, Tongi)",Home or Hostels,>8 hours,"Yes, Freelancing (e.g., online work)",1–2 times/week,30–60 minutes,3,Yes - Very noisy (1),2.5–3.0,"Regularly throughout the course (e.g., weekly)",50–75%,Sometimes,"20,000–50,000","Yes, Private/Donor-Funded",">10,000 BDT","Yes, Rarely",2,5,High Risk
2025-06-15 23:52:43.020,21–23,Female,Undergraduate (Year 2–4),Public University,"Urban area (e.g., Dhaka, Chittagong, Sylhet)",University Residence (Halls),7–8 hours,"Yes, Freelancing (e.g., online work)",1–2 times/week,<30 minutes,4,Yes - Quiet (4),3.1–3.5,"Regularly throughout the course (e.g., weekly)",>75%,Sometimes,"50,001–100,000",No,"5,000–10,000 BDT","Yes, Weekly",4,2,Low Risk
2025-06-15 23:53:38.527,21–23,Female,Undergraduate (Year 1),Private University,"Rural area (e.g., village, upazila outside major cities)",Home or Hostels,>8 hours,"Yes, Part-time/Full-time Job",3–4 times/week,>1 hour,3,Yes - Moderate noise (3),>3.5,Sporadically (no fixed schedule),>75%,Often,"50,001–100,000","Yes, Government Scholarship","5,000–10,000 BDT","Yes, Weekly",3,1,Low Risk
2025-06-15 23:54:21.294,17–20,Male,Undergraduate (Year 1),Public University,"Urban area (e.g., Dhaka, Chittagong, Sylhet)",University Residence (Halls),<5 hours,No,Never,<30 minutes,3,No dedicated study space,3.1–3.5,"Regularly throughout the course (e.g., weekly)",50–75%,Sometimes,"50,001–100,000","Yes, Government Scholarship","<5,000 BDT","Yes, Daily",2,4,High Risk
2025-06-15 23:56:04.583,21–23,Female,Undergraduate (Year 2–4),Public University,"Rural area (e.g., village, upazila outside major cities)",University Residence (Halls),5–6 hours,"Yes, Tuition/Coaching",1–2 times/week,<30 minutes,1,Yes - Moderate noise (3),3.1–3.5,Sporadically (no fixed schedule),>75%,Always,"20,000–50,000",No,"<5,000 BDT",No access,1,3,Moderate Risk
2025-06-16 00:08:07.088,21–23,Female,Undergraduate (Year 1),Private University,"Urban area (e.g., Dhaka, Chittagong, Sylhet)",Home or Hostels,5–6 hours,"Yes, Tuition/Coaching",3–4 times/week,>1 hour,3,Yes - Moderate noise (3),>3.5,Sporadically (no fixed schedule),50–75%,Sometimes,"50,001–100,000",No,"<5,000 BDT","Yes, Rarely",3,3,Moderate Risk
2025-06-16 23:49:34.795,21–23,Male,Undergraduate (Year 2–4),Public University,"Urban area (e.g., Dhaka, Chittagong, Sylhet)",University Residence (Halls),5–6 hours,"Yes, Tuition/Coaching",1–2 times/week,30–60 minutes,3,Yes - Moderate noise (3),3.1–3.5,Only before exams,>75%,Sometimes,"20,000–50,000",No,No personal income,"Yes, Daily",4,3,Moderate Risk
2025-07-03 13:31:26.964,24+,Male,Masters,Public University,"Rural area (e.g., village, upazila outside major cities)",University Residence (Halls),7–8 hours,"Yes, Part-time/Full-time Job",1–2 times/week,<30 minutes,4,Yes - Moderate noise (3),>3.5,Only before exams,>75%,Often,"50,001–100,000","Yes, Government Scholarship","5,000–10,000 BDT","Yes, Rarely",4,1,Low Risk
